as_at,week,pdf_as_at,file,columns,column_order,revenue_and_grants,revenue_and_grants_approved,revenue_and_grants_last_year,tax_revenue,tax_revenue_approved,tax_revenue_last_year,non_tax_revenue,non_tax_revenue_approved,non_tax_revenue_last_year,grants,grants_approved,grants_last_year,total_expenditure,total_expenditure_approved,total_expenditure_last_year,recurrent_expenditure,recurrent_expenditure_approved,recurrent_expenditure_last_year,capital_expenditure,capital_expenditure_approved,capital_expenditure_last_year,salaries_wages_pensions,salaries_wages_pensions_approved,salaries_wages_pensions_last_year,primary_balance,primary_balance_approved,primary_balance_last_year,overall_balance,overall_balance_approved,overall_balance_last_year,interest_costs,interest_costs_approved,interest_costs_last_year,loan_repayment,loan_repayment_approved,loan_repayment_last_year,transfers_to_sdf,transfers_to_sdf_approved,transfers_to_sdf_last_year,psip,psip_approved,psip_last_year,tourism_gst,tourism_gst_approved,tourism_gst_last_year,general_gst,general_gst_approved,general_gst_last_year,import_duties,import_duties_approved,import_duties_last_year,green_tax,green_tax_approved,green_tax_last_year,rent_from_resorts,rent_from_resorts_approved,rent_from_resorts_last_year,soe_dividends,soe_dividends_approved,soe_dividends_last_year,subsidies,subsidies_approved,subsidies_last_year,aasandha,aasandha_approved,aasandha_last_year,securities_as_of,securities_total,securities_domestic,securities_external
2018-12-09,2,2018-12-09,https://www.finance.gov.mv/public/attachments/xPGbRyu04XP5echeAWXOxqdZsGaLm4sLxjCbeaRk.pdf,2,"approved, this year",19897.5,22400.7,,14417.4,16301.0,,5222.7,5557.6,,307.7,733.7,,23162.1,24894.6,,16093.0,16066.2,,7069.1,8828.4,,8430.4,9028.0,,-2001.6,-1057.4,,-3264.6,-2493.9,,1262.9,1436.5,,1534.3,2183.7,,1203.8,855.1,,5489.2,7087.4,,2665.9,4311.3,,4361.1,3148.0,,2653.2,3029.6,,741.7,757.3,,1183.8,1905.1,,1146.1,1118.2,,923.2,594.0,,1360.1,750.0,,,,,
2018-12-15,3,2018-12-15,https://www.finance.gov.mv/public/attachments/vE0uF6OuTo47pX0VqlbCbUdP4ngqeL15WvNQiw6Z.pdf,2,"approved, this year",20027.2,22400.7,,14492.6,16301.0,,5275.5,5557.6,,308.4,733.7,,23480.2,24894.6,,16321.4,16066.2,,7158.8,8828.4,,8433.5,9028.0,,-2190.1,-1057.4,,-3453.0,-2493.9,,1262.9,1436.5,,1534.3,2183.7,,1203.8,855.1,,5558.3,7087.4,,2684.4,4311.3,,4383.1,3148.0,,2653.2,3029.6,,747.0,757.3,,1187.7,1905.1,,1146.1,1118.2,,1035.2,594.0,,1399.4,750.0,,,35623.5,,
2018-12-22,4,2018-12-22,https://www.finance.gov.mv/public/attachments/oDOd4c2u17mOkPEMWVypspC23FhcXNQznrQAXyvj.pdf,2,"approved, this year",20184.6,22400.7,,14600.9,16301.0,,5324.6,5557.6,,308.4,733.7,,23735.7,24894.6,,16510.1,16066.2,,7225.6,8828.4,,8470.6,9028.0,,-2285.3,-1057.4,,-3551.1,-2493.9,,1265.8,1436.5,,1572.5,2183.7,,1203.8,855.1,,5581.5,7087.4,,2694.9,4311.3,,4394.6,3148.0,,2714.6,3029.6,,749.7,757.3,,1196.4,1905.1,,1146.8,1118.2,,1035.2,594.0,,1435.6,750.0,,,29635.7,,
2018-12-29,5,2018-12-29,https://www.finance.gov.mv/public/attachments/vvWkCP7xsUCRSQapWcqdJKYrPMnzlywRzCNZCCHk.pdf,2,"approved, this year",20514.8,22400.7,,14794.7,16301.0,,5458.1,5557.6,,311.1,733.7,,24951.3,24894.6,,17482.6,16066.2,,7468.6,8828.4,,9165.8,9028.0,,-3166.7,-1057.4,,-4436.5,-2493.9,,1269.8,1436.5,,1632.6,2183.7,,1254.2,855.1,,5759.5,7087.4,,2721.1,4311.3,,4434.5,3148.0,,2716.8,3029.6,,759.1,757.3,,1243.2,1905.1,,1147.4,1118.2,,1060.2,594.0,,1481.1,750.0,,,,,
2018-12-31,6,2018-12-31,https://www.finance.gov.mv/public/attachments/fCH0B3f6OUJFBI2RXwsZLOSMbX0gUgVQBSniAdgA.pdf,2,"approved, this year",21494.1,22400.7,,15378.1,16301.0,,5806.1,5557.6,,372.0,733.7,,25323.3,24894.6,,17756.7,16066.2,,7566.5,8828.4,,9187.6,9028.0,,-2486.1,-1057.4,,-3829.2,-2493.9,,1343.1,1436.5,,1632.6,2183.7,,1254.2,855.1,,5811.3,7087.4,,4690.0,4311.3,,2822.5,3148.0,,2890.6,3029.6,,799.7,757.3,,1475.8,1905.1,,1149.1,1118.2,,1065.2,594.0,,1484.4,750.0,,,,,
2019-01-06,1,,https://www.finance.gov.mv/public/attachments/d2aEVhNuFuXJ1mfLOR6zpe4aT2TUyr2OU9RI0vzy.pdf,2,"approved, this year",0.0,23339.8,,0.0,16506.5,,0.0,5648.7,,0.0,1353.0,,0.0,27342.3,,0.0,18529.3,,0.0,8813.0,,0.0,9529.2,,-0.0,-2000.9,,-0.0,-4002.5,,0.0,2001.5,,0.0,2887.9,,0.0,705.6,,0.0,7076.7,,0.0,5039.5,,0.0,2998.9,,0.0,3183.8,,0.0,892.7,,0.0,1855.8,,0.0,874.0,,0.0,1073.3,,0.0,1000.0,,,,,
2019-01-13,2,,https://www.finance.gov.mv/public/attachments/xpN99N5cn8MhirQnjqoXdnlapO41K4Ro7WyiZpq3.pdf,2,"approved, this year",144.5,23339.8,,76.9,16506.5,,67.0,5648.7,,0.1,1353.0,,75.1,27342.3,,73.5,18529.3,,1.6,8813.0,,2.7,9529.2,,91.1,-2000.9,,69.4,-4002.5,,21.7,2001.5,,48.7,2887.9,,0.0,705.6,,1.6,7076.7,,20.1,5039.5,,16.8,2998.9,,0.0,3183.8,,7.3,892.7,,36.7,1855.8,,0.0,874.0,,0.0,1073.3,,0.0,1000.0,,,29986.6,,
2019-01-19,3,,https://www.finance.gov.mv/public/attachments/sx4MlV1sdtnFHPjyF3qd6W2idjitImP8RWO2d9zw.pdf,2,"approved, this year",354.9,23339.8,,271.0,16506.5,,83.3,5648.7,,0.1,1353.0,,184.9,27342.3,,170.7,18529.3,,14.2,8813.0,,11.6,9529.2,,237.0,-2000.9,,170.0,-4002.5,,67.0,2001.5,,104.4,2887.9,,0.0,705.6,,9.4,7076.7,,38.8,5039.5,,28.8,2998.9,,128.7,3183.8,,10.0,892.7,,39.2,1855.8,,0.0,874.0,,0.0,1073.3,,0.0,1000.0,,,30275.8,,
2019-01-26,4,,https://www.finance.gov.mv/public/attachments/K9TddFL5OwAsK8qnHy94IX78HzrhCVKGxUoSS4nJ.pdf,2,"approved, this year",909.4,23339.8,,580.7,16506.5,,330.2,5648.7,,0.1,1353.0,,510.8,27342.3,,450.9,18529.3,,60.0,8813.0,,253.9,9529.2,,465.6,-2000.9,,398.6,-4002.5,,67.0,2001.5,,104.6,2887.9,,0.0,705.6,,14.5,7076.7,,95.1,5039.5,,43.9,2998.9,,211.2,3183.8,,19.0,892.7,,41.5,1855.8,,119.0,874.0,,0.0,1073.3,,0.0,1000.0,,,30300.7,,
2019-02-02,6,,https://www.finance.gov.mv/public/attachments/wHVqeSqCxdkcNtI2qJF8IEHbX87DG2oKh8wd3SFO.pdf,2,"approved, this year",1562.8,23339.8,,1130.1,16506.5,,434.2,5648.7,,0.1,1353.0,,1211.6,27342.3,,1099.3,18529.3,,112.3,8813.0,,767.7,9529.2,,419.9,-2000.9,,351.1,-4002.5,,68.8,2001.5,,108.3,2887.9,,0.0,705.6,,10.3,7076.7,,122.3,5039.5,,302.3,2998.9,,282.1,3183.8,,48.2,892.7,,69.1,1855.8,,59.5,874.0,,0.0,1073.3,,0.0,1000.0,,,30304.1,,
2019-02-09,6,,https://www.finance.gov.mv/public/attachments/WYh7hvzDJHn7v7GMVKZDyiDCCJLY2VEOQLxMsnLb.pdf,2,"approved, this year",2383.2,23339.8,,1958.2,16506.5,,437.9,5648.7,,0.1,1353.0,,1672.8,27342.3,,1473.8,18529.3,,198.9,8813.0,,777.0,9529.2,,795.2,-2000.9,,710.4,-4002.5,,84.7,2001.5,,137.9,2887.9,,0.0,705.6,,43.0,7076.7,,493.1,5039.5,,204.3,2998.9,,338.6,3183.8,,78.6,892.7,,55.2,1855.8,,,,,0.0,1073.3,,,,,,29866.2,,
2019-02-16,7,,https://www.finance.gov.mv/public/attachments/xQ5JrmDiM9Pb2sFnSxnYKp6vxFUhje4D45AMRIbo.pdf,2,"approved, this year",2776.1,23339.8,,2304.8,16506.5,,484.2,5648.7,,0.1,1353.0,,1831.2,27342.3,,1595.8,18529.3,,235.4,8813.0,,780.3,9529.2,,1030.4,-2000.9,,944.9,-4002.5,,85.5,2001.5,,145.5,2887.9,,120.9,705.6,,48.3,7076.7,,524.1,5039.5,,265.8,2998.9,,395.3,3183.8,,87.1,892.7,,54.7,1855.8,,0.0,874.0,,48.7,1073.3,,3.8,1000.0,,,29864.4,,
2019-02-21,8,,https://www.finance.gov.mv/public/attachments/a26TLOBsJTbXCvGmLMCn75F0ZV4b4cjbuvliUQTH.pdf,2,"approved, this year",3573.1,23339.8,,2586.7,16506.5,,612.7,5648.7,,385.4,1353.0,,2127.8,27342.3,,1816.7,18529.3,,311.1,8813.0,,836.5,9529.2,,1532.9,-2000.9,,1445.2,-4002.5,,87.6,2001.5,,154.1,2887.9,,120.9,705.6,,86.4,7076.7,,546.9,5039.5,,347.8,2998.9,,445.7,3183.8,,98.2,892.7,,54.7,1855.8,,121.8,874.0,,74.4,1073.3,,39.8,1000.0,,,,,
2019-02-28,9,,https://www.finance.gov.mv/public/attachments/OH62GR8LxTBcKtk64eYfKKecT7kCYpkLSFu7wZwb.pdf,2,"approved, this year",4193.7,23339.8,,3142.0,16506.5,,676.8,5648.7,,385.4,1353.0,,3415.3,27342.3,,2762.6,18529.3,,652.7,8813.0,,1561.3,9529.2,,866.8,-2000.9,,778.3,-4002.5,,88.5,2001.5,,155.0,2887.9,,181.3,705.6,,407.6,7076.7,,872.1,5039.5,,428.9,2998.9,,533.9,3183.8,,132.3,892.7,,61.7,1855.8,,136.4,874.0,,77.4,1073.3,,82.4,1000.0,,,29891.1,,
2019-03-07,10,,https://www.finance.gov.mv/public/attachments/P2KwKpFCxmgbSuJIljQlPTcz3s9upijmaCPO31VK.pdf,2,"approved, this year",4537.0,23339.8,,3578.7,16506.5,,581.9,5648.7,,386.9,1353.0,,3644.0,27342.3,,2858.1,18529.3,,786.0,8813.0,,1565.5,9529.2,,998.6,-2000.9,,893.0,-4002.5,,105.6,2001.5,,198.3,2887.9,,188.4,705.6,,427.7,7076.7,,1083.3,5039.5,,545.2,2998.9,,589.5,3183.8,,164.6,892.7,,69.9,1855.8,,0.0,874.0,,77.4,1073.3,,98.7,1000.0,,,29872.6,,
2019-03-14,11,2019-03-14,https://www.finance.gov.mv/public/attachments/LxYuPVhQbphLYU39qbCJoIvwl0kI09HR7sz0dHE7.pdf,2,"approved, this year",4966.7,23339.8,,3793.1,16506.5,,797.1,5648.7,,386.9,1353.0,,3862.7,27342.3,,3011.8,18529.3,,850.9,8813.0,,1567.0,9529.2,,1265.6,-2000.9,,1103.9,-4002.5,,161.6,2001.5,,276.2,2887.9,,188.4,705.6,,438.8,7076.7,,1115.2,5039.5,,571.8,2998.9,,660.3,3183.8,,171.5,892.7,,98.0,1855.8,,0.0,874.0,,128.1,1073.3,,117.0,1000.0,,,29716.3,,
2019-03-21,12,2019-03-21,https://www.finance.gov.mv/public/attachments/rPanTl8Gn3Gtrw9R7V9lc6Pcblh6LM0Jy2JZTnvc.pdf,2,"approved, this year",5364.9,23339.8,,4008.4,16506.5,,979.8,5648.7,,387.1,1353.0,,4156.8,27342.3,,3179.0,18529.3,,977.8,8813.0,,1627.6,9529.2,,1375.7,-2000.9,,1208.0,-4002.5,,167.6,2001.5,,310.4,2887.9,,249.8,705.6,,485.0,7076.7,,1179.7,5039.5,,583.7,2998.9,,705.3,3183.8,,188.6,892.7,,177.2,1855.8,,20.3,874.0,,154.6,1073.3,,137.9,1000.0,,,30551.1,,
2019-03-28,13,2019-03-28,https://www.finance.gov.mv/public/attachments/pQDsQ2c7iMiKONtLyc8Ty0pItfGlvVnAj53K1Jbq.pdf,2,"approved, this year",6179.7,23339.8,,4640.6,16506.5,,1160.0,5648.7,,389.6,1353.0,,5101.3,27342.3,,4102.2,18529.3,,999.0,8813.0,,2333.0,9529.2,,1246.7,-2000.9,,1078.5,-4002.5,,168.2,2001.5,,315.1,2887.9,,249.8,705.6,,493.8,7076.7,,1551.3,5039.5,,730.1,2998.9,,765.5,3183.8,,231.3,892.7,,322.3,1855.8,,20.3,874.0,,161.3,1073.3,,143.2,1000.0,,,,,
2019-04-04,14,2019-04-04,https://www.finance.gov.mv/public/attachments/lv1Fs1yfkzjXfaq5DWyK5PJ7GKKFqOkaFzt6yLh6.pdf,2,"approved, this year",6512.0,23339.8,,4816.4,16506.5,,1315.1,5648.7,,390.1,1353.0,,5571.7,27342.3,,4478.1,18529.3,,1093.6,8813.0,,2345.2,9529.2,,1217.6,-2000.9,,940.4,-4002.5,,277.2,2001.5,,327.6,2887.9,,249.8,705.6,,576.8,7076.7,,1577.8,5039.5,,781.5,2998.9,,840.7,3183.8,,244.8,892.7,,439.3,1855.8,,20.3,874.0,,233.3,1073.3,,167.3,1000.0,,,30785.9,,
2019-04-11,15,2019-04-11,https://www.finance.gov.mv/public/attachments/AI8jvbj056qaAUcSakbPc6KkWFgs665hm7ud19JU.pdf,2,"approved, this year",6721.2,23339.8,,4978.9,16506.5,,1372.6,5648.7,,390.1,1353.0,,5797.2,27342.3,,4610.8,18529.3,,1186.4,8813.0,,2350.7,9529.2,,1240.5,-2000.9,,924.0,-4002.5,,316.4,2001.5,,341.6,2887.9,,326.5,705.6,,598.8,7076.7,,1626.2,5039.5,,789.1,2998.9,,908.6,3183.8,,254.3,892.7,,440.8,1855.8,,20.3,874.0,,233.3,1073.3,,177.8,1000.0,,,30817.2,,
2019-04-18,16,2019-04-18,https://www.finance.gov.mv/public/attachments/Ei34b8tP5Ay8co9rJM8uEKSovA6J5bKwujaGVTtO.pdf,2,"approved, this year",7081.7,23339.8,,5225.2,16506.5,,1484.7,5648.7,,391.5,1353.0,,6183.4,27342.3,,4846.1,18529.3,,1337.3,8813.0,,2353.2,9529.2,,1272.3,-2000.9,,898.3,-4002.5,,374.0,2001.5,,406.9,2887.9,,390.3,705.6,,632.8,7076.7,,1726.9,5039.5,,809.4,2998.9,,972.4,3183.8,,260.7,892.7,,459.7,1855.8,,20.3,874.0,,269.6,1073.3,,224.5,1000.0,,,30728.0,,
2019-04-25,17,2019-04-25,https://www.finance.gov.mv/public/attachments/M1d34FUv2lmyEt7u8EYbsS7jyv4TbCkOAHIfrILY.pdf,2,"approved, this year",7456.2,23339.8,,5544.7,16506.5,,1542.2,5648.7,,392.0,1353.0,,7005.6,27342.3,,5642.3,18529.3,,1363.3,8813.0,,3038.7,9529.2,,825.8,-2000.9,,450.6,-4002.5,,375.1,2001.5,,419.0,2887.9,,390.3,705.6,,648.0,7076.7,,1863.9,5039.5,,849.8,2998.9,,1024.4,3183.8,,287.7,892.7,,459.7,1855.8,,20.3,874.0,,271.1,1073.3,,239.9,1000.0,,,30893.5,,
2019-05-02,18,2019-05-02,https://www.finance.gov.mv/public/attachments/fQxKi7UTdSZxNNKWN54slZqoUEIDgTlwcxfl6CQH.pdf,2,"approved, this year",7955.9,23339.8,,6025.3,16506.5,,1559.9,5648.7,,393.2,1353.0,,7537.6,27342.3,,5983.6,18529.3,,1554.0,8813.0,,3257.4,9529.2,,793.5,-2000.9,,418.3,-4002.5,,375.1,2001.5,,419.0,2887.9,,468.4,705.6,,655.8,7076.7,,2119.9,5039.5,,1030.2,2998.9,,1058.7,3183.8,,320.4,892.7,,459.7,1855.8,,20.3,874.0,,271.3,1073.3,,274.2,1000.0,,,30930.9,,
2019-05-09,19,2019-05-09,https://www.finance.gov.mv/public/attachments/teFSpCkycbNewR8GfmGGaAkYHKZ8LmComuGAOQhO.pdf,2,"approved, this year",8170.4,23339.8,,6237.7,16506.5,,1559.9,5648.7,,394.5,1353.0,,7652.2,27342.3,,6085.1,18529.3,,1567.1,8813.0,,3259.3,9529.2,,927.8,-2000.9,,518.2,-4002.5,,409.6,2001.5,,445.6,2887.9,,468.4,705.6,,667.1,7076.7,,2163.2,5039.5,,1048.1,2998.9,,1145.9,3183.8,,329.7,892.7,,459.7,1855.8,,20.3,874.0,,271.3,1073.3,,274.2,1000.0,,,30933.2,,
2019-05-16,20,2019-05-16,https://www.finance.gov.mv/public/attachments/WeWybqnW4lugSO5bMINZYV8cQYbxJhbgOz3qQY0Z.pdf,2,"approved, this year",8537.8,23339.8,,6491.7,16506.5,,1673.2,5648.7,,394.5,1353.0,,8093.4,27342.3,,6414.6,18529.3,,1678.9,8813.0,,3261.6,9529.2,,989.4,-2000.9,,444.4,-4002.5,,545.0,2001.5,,464.8,2887.9,,468.4,705.6,,708.7,7076.7,,2186.6,5039.5,,1068.1,2998.9,,1211.4,3183.8,,339.3,892.7,,466.1,1855.8,,20.3,874.0,,367.0,1073.3,,303.3,1000.0,,,31028.9,,
2019-05-23,21,2019-05-23,https://www.finance.gov.mv/public/attachments/6YGFNMly9sPfUJf0rYHn1r6um3qtBWOB5JFA7YTm.pdf,2,"approved, this year",8741.2,23339.8,,6639.7,16506.5,,1724.6,5648.7,,398.9,1353.0,,8561.3,27342.3,,6819.4,18529.3,,1742.0,8813.0,,3475.2,9529.2,,725.2,-2000.9,,179.8,-4002.5,,545.3,2001.5,,471.2,2887.9,,468.4,705.6,,717.9,7076.7,,2262.8,5039.5,,1094.3,2998.9,,1211.4,3183.8,,354.7,892.7,,466.1,1855.8,,20.3,874.0,,407.3,1073.3,,323.4,1000.0,,,31076.5,,
2019-05-30,22,2019-05-30,https://www.finance.gov.mv/public/attachments/NfbScIVTNJrwJyFbgXigsFt5zsblMvMj0Mwd3EEj.pdf,2,"approved, this year",9085.3,23339.8,,6954.4,16506.5,,1743.7,5648.7,,408.9,1353.0,,9757.9,27342.3,,7546.1,18529.3,,2211.8,8813.0,,4045.5,9529.2,,-127.1,-2000.9,,-672.6,-4002.5,,545.5,2001.5,,472.4,2887.9,,468.4,705.6,,1175.0,7076.7,,2515.0,5039.5,,1251.0,2998.9,,1313.0,3183.8,,373.2,892.7,,466.1,1855.8,,20.5,874.0,,407.3,1073.3,,378.6,1000.0,,,,,
2019-06-06,23,2019-06-06,https://www.finance.gov.mv/public/attachments/CocKiBFyBAcfocdisPyWsk9dym2sjwtutt9HYTjW.pdf,2,"approved, this year",9482.7,23339.8,,7333.7,16506.5,,1761.5,5648.7,,408.9,1353.0,,9851.6,27342.3,,7633.1,18529.3,,2218.5,8813.0,,4052.2,9529.2,,189.0,-2000.9,,-368.8,-4002.5,,557.9,2001.5,,480.4,2887.9,,468.4,705.6,,1181.2,7076.7,,2571.2,5039.5,,1280.6,2998.9,,1348.9,3183.8,,399.6,892.7,,468.4,1855.8,,20.5,874.0,,407.3,1073.3,,387.1,1000.0,,,30861.3,,
2019-06-11,24,2019-06-11,https://www.finance.gov.mv/public/attachments/RYDFD0QZT4wAv2qULMKo040PX5JnjDBpAjA6d6Jh.pdf,2,"approved, this year",9754.2,23339.8,,7535.9,16506.5,,1830.7,5648.7,,408.9,1353.0,,10060.2,27342.3,,7813.7,18529.3,,2246.5,8813.0,,4056.9,9529.2,,252.3,-2000.9,,-306.0,-4002.5,,558.3,2001.5,,487.9,2887.9,,468.4,705.6,,1200.4,7076.7,,2600.1,5039.5,,1301.0,2998.9,,1415.3,3183.8,,413.0,892.7,,491.5,1855.8,,20.5,874.0,,473.6,1073.3,,406.1,1000.0,,,30628.6,,
2019-06-20,25,2019-06-20,https://www.finance.gov.mv/public/attachments/JB5vxIekOCSU8QHDftOfAFEf5S5YHSmTr70BIDza.pdf,2,"approved, this year",10240.8,23339.8,,7896.5,16506.5,,1960.5,5648.7,,407.3,1353.0,,10449.1,27342.3,,8049.7,18529.3,,2399.4,8813.0,,4093.7,9529.2,,373.9,-2000.9,,-208.3,-4002.5,,582.2,2001.5,,492.6,2887.9,,468.4,705.6,,1249.7,7076.7,,2641.1,5039.5,,1324.9,2998.9,,1525.7,3183.8,,421.1,892.7,,559.0,1855.8,,20.5,874.0,,543.2,1073.3,,406.1,1000.0,,,30644.1,,
2019-06-27,26,2019-06-27,https://www.finance.gov.mv/public/attachments/Pk81mh7Qu8TmgsfJcKhsfqCHxIH6gCpPprWemTws.pdf,2,"approved, this year",10801.6,23339.8,,8275.3,16506.5,,2134.9,5648.7,,415.0,1353.0,,11483.5,27342.3,,8963.8,18529.3,,2519.7,8813.0,,4829.3,9529.2,,-97.4,-2000.9,,-681.8,-4002.5,,584.5,2001.5,,528.0,2887.9,,468.4,705.6,,1310.4,7076.7,,2760.6,5039.5,,1376.2,2998.9,,1598.8,3183.8,,442.5,892.7,,702.0,1855.8,,20.5,874.0,,543.3,1073.3,,475.0,1000.0,,,30800.8,,
2019-07-04,27,2019-07-04,https://www.finance.gov.mv/public/attachments/wZy069v2bSum231e7sPrI6vwKuZNimhtWc7K8xaZ.pdf,2,"approved, this year",11595.0,23339.8,,8849.3,16506.5,,2327.7,5648.7,,441.3,1353.0,,11851.6,27342.3,,9246.0,18529.3,,2605.6,8813.0,,4907.2,9529.2,,399.7,-2000.9,,-256.6,-4002.5,,656.3,2001.5,,589.0,2887.9,,570.4,705.6,,1371.3,7076.7,,2883.6,5039.5,,1499.0,2998.9,,1654.7,3183.8,,461.3,892.7,,842.2,1855.8,,209.5,874.0,,543.3,1073.3,,504.6,1000.0,,,31576.8,,
2019-07-11,28,2019-07-11,https://www.finance.gov.mv/public/attachments/7R0MJciIM58dfNApquZJ3yPQGdlohemK4CVyrvDb.pdf,2,"approved, this year",11846.2,23339.8,,9048.7,16506.5,,2377.1,5648.7,,443.0,1353.0,,12311.2,27342.3,,9649.0,18529.3,,2662.3,8813.0,,4913.2,9529.2,,191.3,-2000.9,,-465.1,-4002.5,,656.4,2001.5,,589.0,2887.9,,570.4,705.6,,1386.6,7076.7,,2904.6,5039.5,,1508.6,2998.9,,1737.1,3183.8,,467.3,892.7,,853.8,1855.8,,209.5,874.0,,568.4,1073.3,,528.6,1000.0,,,,,
2019-07-18,29,2019-07-18,https://www.finance.gov.mv/public/attachments/mrEYNUTBCv4z0ih2oikIMdz2WXvxJ00q0nJvKETt.pdf,2,"approved, this year",12170.6,23339.8,,9281.5,16506.5,,2448.6,5648.7,,462.8,1353.0,,12686.8,27342.3,,9825.6,18529.3,,2861.1,8813.0,,4919.9,9529.2,,164.5,-2000.9,,-516.2,-4002.5,,680.7,2001.5,,597.0,2887.9,,468.4,705.6,,1500.2,7076.7,,2920.1,5039.5,,1525.1,2998.9,,1793.8,3183.8,,470.9,892.7,,861.3,1855.8,,209.5,874.0,,612.1,1073.3,,560.4,1000.0,,,31184.4,,
2019-07-25,30,2019-07-25,https://www.finance.gov.mv/public/attachments/FoJTwXzIZsW6OioT07N2v5Nj8tZjgr1P6G2Ph8Lw.pdf,2,"approved, this year",13362.3,23339.8,,10190.2,16506.5,,2741.5,5648.7,,463.0,1353.0,,13948.9,27342.3,,10533.9,18529.3,,3415.0,8813.0,,5470.5,9529.2,,98.0,-2000.9,,-586.7,-4002.5,,684.7,2001.5,,665.3,2887.9,,468.4,705.6,,2041.7,7076.7,,3070.0,5039.5,,1576.0,2998.9,,1854.2,3183.8,,496.1,892.7,,875.1,1855.8,,209.5,874.0,,654.5,1073.3,,575.8,1000.0,,,31517.5,,
2019-08-01,31,2019-08-01,https://www.finance.gov.mv/public/attachments/QArbwXxHPcYKW4TEMvTOAeFRDmip8bbWzQH2NSPJ.pdf,2,"approved, this year",14305.7,23339.8,,10993.6,16506.5,,2773.4,5648.7,,570.5,1353.0,,14436.5,27342.3,,10962.2,18529.3,,3474.3,8813.0,,5714.0,9529.2,,574.8,-2000.9,,-130.8,-4002.5,,705.6,2001.5,,683.3,2887.9,,617.5,705.6,,2083.5,7076.7,,3149.0,5039.5,,1725.9,2998.9,,1905.7,3183.8,,512.0,892.7,,878.3,1855.8,,209.5,874.0,,654.7,1073.3,,617.6,1000.0,,,31517.5,,
2019-08-15,32,2019-08-15,https://www.finance.gov.mv/public/attachments/HotwEA8NxAcokyulvV4s1tQyv6snKynITlUlUcOA.pdf,2,"approved, this year",14537.1,23339.8,,11185.8,16506.5,,2811.8,5648.7,,570.5,1353.0,,14753.6,27342.3,,11151.2,18529.3,,3602.5,8813.0,,5717.0,9529.2,,489.5,-2000.9,,-216.5,-4002.5,,706.1,2001.5,,690.8,2887.9,,617.5,705.6,,2179.5,7076.7,,3154.6,5039.5,,1747.5,2998.9,,2038.6,3183.8,,517.9,892.7,,878.7,1855.8,,210.4,874.0,,729.2,1073.3,,623.2,1000.0,,,31560.7,,
2019-08-22,33,2019-08-22,https://www.finance.gov.mv/public/attachments/ujLP2tzabIX7hGHJhFF8OLpnRfJXOFpXkynBpE2E.pdf,2,"approved, this year",14999.1,23339.8,,11495.7,16506.5,,2968.8,5648.7,,573.1,1353.0,,15074.3,27342.3,,11345.6,18529.3,,3728.7,8813.0,,5787.3,9529.2,,631.8,-2000.9,,-75.2,-4002.5,,707.0,2001.5,,700.0,2887.9,,622.7,705.6,,2266.7,7076.7,,3221.7,5039.5,,1774.2,2998.9,,2111.2,3183.8,,535.3,892.7,,879.9,1855.8,,210.4,874.0,,751.8,1073.3,,646.3,1000.0,,,31414.5,,
2019-08-29,34,2019-08-29,https://www.finance.gov.mv/public/attachments/vfXzN1HETyzFzvJND0OIdiIWWMRBqpmjLMaCCocL.pdf,2,"approved, this year",15320.8,24056.6,,11762.5,16506.5,,3017.4,5648.7,,585.4,2069.8,,16176.1,29045.5,,12301.8,19117.4,,3874.3,9928.1,,6524.3,9532.0,,-145.0,-2987.3,,-855.3,-4988.9,,710.3,2001.5,,700.0,2887.9,,672.6,705.6,,2297.8,7214.2,,3319.1,5039.5,,1855.4,2998.9,,2152.3,3183.8,,560.8,892.7,,880.1,1855.8,,210.5,874.0,,790.9,1097.7,,673.5,1000.0,,,31414.5,,
2019-09-05,35,2019-09-05,https://www.finance.gov.mv/public/attachments/Vvk71susGpBre7SElcM7RhHHiZ8mzCp0lkcNgg0T.pdf,2,"approved, this year",16029.2,24056.6,,12025.0,16506.5,,3053.3,5648.7,,995.2,2069.8,,17065.8,29045.5,,12924.0,19117.4,,4141.8,9928.1,,6534.7,9532.0,,-266.2,-2987.3,,-1036.6,-4988.9,,770.4,2001.5,,792.2,2887.9,,675.9,705.6,,2542.3,7214.2,,3433.9,5039.5,,1944.9,2998.9,,2162.8,3183.8,,585.9,892.7,,880.1,1855.8,,210.5,874.0,,790.9,1097.7,,698.6,1000.0,,,31458.4,,
2019-09-12,36,2019-09-12,https://www.finance.gov.mv/public/attachments/FESGiecJQTgAenIAgGpySDnnlVPjHTHjBGQxv6yK.pdf,2,"approved, this year",16442.0,24056.6,,12152.8,16506.5,,3326.0,5648.7,,1008.9,2069.8,,17359.3,29630.8,,13183.5,19702.7,,4175.8,9928.1,,6544.9,9532.0,,-146.6,-3572.7,,-917.4,-5574.2,,770.7,2001.5,,818.2,2887.9,,675.9,705.6,,2568.6,7214.2,,3471.4,5039.5,,1964.6,2998.9,,2193.4,3183.8,,592.1,892.7,,896.4,1855.8,,408.0,874.0,,871.0,1287.2,,744.4,1000.0,,,31444.2,,
2019-09-19,37,2019-09-19,https://www.finance.gov.mv/public/attachments/J3d7X2ONFFesQngQnYIe1pbJbhjzzN47JDp33FFu.pdf,2,"approved, this year",16752.1,24056.6,,12331.4,16506.5,,3448.2,5648.7,,1018.0,2069.8,,17650.5,29630.8,,13348.9,19702.7,,4301.6,9928.1,,6553.3,9532.0,,-110.9,-3572.7,,-898.4,-5574.2,,787.6,2001.5,,879.1,2887.9,,729.2,705.6,,2600.1,7214.2,,3485.1,5039.5,,1984.9,2998.9,,2240.3,3183.8,,599.5,892.7,,936.9,1855.8,,408.0,874.0,,871.0,1287.2,,768.2,1000.0,,,31741.2,,
2019-09-26,38,2019-09-26,https://www.finance.gov.mv/public/attachments/OiEa3r3zK6wkTRPfJcfNABjkeiK7dWJq7Twi69po.pdf,2,"approved, this year",16993.5,24056.6,,12461.6,16506.5,,3557.4,5648.7,,1020.0,2069.8,,18574.2,29046.7,,14192.1,19118.6,,4382.2,9928.1,,7143.3,9533.3,,-721.7,-2988.6,,-1580.8,-4990.1,,859.0,2001.5,,879.1,2887.9,,804.4,705.6,,2671.2,7214.2,,3535.3,5039.5,,2009.1,2998.9,,2276.6,3183.8,,612.2,892.7,,997.2,1855.8,,408.0,874.0,,912.1,1262.7,,777.6,1000.0,,,31517.5,,
2019-10-03,39,2019-10-03,https://www.finance.gov.mv/public/attachments/3cnm07vWRVt1FY3dvqaPf9EsyzDqwaHFfdiQ1fnG.pdf,2,"approved, this year",17876.7,24056.6,,12927.4,16506.5,,3971.7,5648.7,,1021.4,2069.8,,19160.8,29046.7,,14582.4,19118.6,,4578.3,9928.1,,7384.4,9533.3,,-428.4,-2988.6,,-1284.1,-4990.1,,855.7,2001.5,,879.2,2887.9,,927.0,705.6,,2688.2,7214.2,,3732.3,5039.5,,2140.9,2998.9,,2356.6,3183.8,,654.3,892.7,,1227.0,1855.8,,545.2,874.0,,912.1,1262.7,,805.4,1000.0,,,32582.6,,
2019-10-10,40,2019-10-10,https://www.finance.gov.mv/public/attachments/uDbm2yEYdei6K6LyIUDDJp4I16Q86BiN0tYBOMV7.pdf,2,"approved, this year",18116.5,24056.6,,13071.3,16506.5,,4065.3,5648.7,,1022.5,2069.8,,19616.2,29045.5,,14891.7,19117.4,,4724.4,9928.1,,7393.5,9532.0,,-598.3,-2987.3,,-1499.7,-4988.9,,901.4,2001.5,,962.3,2887.9,,1052.4,705.6,,2731.5,7214.2,,3769.6,5039.5,,2156.7,2998.9,,2426.3,3183.8,,660.9,892.7,,1276.0,1855.8,,545.2,874.0,,981.7,1262.7,,820.7,1000.0,,,32582.6,,
2019-10-17,41,2019-10-17,https://www.finance.gov.mv/public/attachments/a2vdbY1wYRMy0Gr201hPOcIIKXaoZq2pXP6Kk5GE.pdf,2,"approved, this year",18676.5,24056.6,,13356.8,16506.5,,4337.0,5648.7,,1025.2,2069.8,,20022.2,29045.5,,15110.0,19117.4,,4912.2,9928.1,,7395.6,9532.0,,-444.2,-2987.3,,-1345.7,-4988.9,,901.5,2001.5,,964.7,2887.9,,1084.3,705.6,,2776.7,7214.2,,3781.2,5039.5,,2168.3,2998.9,,2600.6,3183.8,,667.2,892.7,,1282.2,1855.8,,749.7,874.0,,1065.0,1262.7,,835.7,1000.0,,,32803.0,,
2019-10-24,42,2019-10-24,https://www.finance.gov.mv/public/attachments/fv5chQboxbmTF8HXc8tY5NJYlHWboUjFQJa8WmTu.pdf,2,"approved, this year",18996.1,24056.6,,13604.3,16506.5,,4388.4,5648.7,,1046.6,2069.8,,20392.0,29045.5,,15403.2,19117.4,,4988.8,9928.1,,7533.1,9532.0,,-494.0,-2987.3,,-1395.9,-4988.9,,901.9,2001.5,,966.5,2887.9,,1097.4,705.6,,2832.4,7214.2,,3874.0,5039.5,,2195.2,2998.9,,2686.8,3183.8,,687.0,892.7,,1288.0,1855.8,,749.7,874.0,,1065.0,1262.7,,870.7,1000.0,,,32803.0,,
2019-10-31,43,2019-10-31,https://www.finance.gov.mv/public/attachments/D1PyCzmdnkE9qKAqcUv0Xp2xPCojavoh19TRIdcW.pdf,2,"approved, this year",19449.2,24056.6,,14033.2,16506.5,,4412.0,5648.7,,1047.1,2069.8,,21554.4,29045.5,,16268.6,19117.4,,5285.7,9928.1,,8209.5,9532.0,,-1203.2,-2987.3,,-2105.1,-4988.9,,901.9,2001.5,,966.5,2887.9,,1100.6,705.6,,2963.1,7214.2,,4040.7,5039.5,,2379.6,2998.9,,2738.7,3183.8,,706.5,892.7,,1288.0,1855.8,,749.7,874.0,,1065.0,1262.7,,943.5,1000.0,,,36355.2,,
2019-11-07,44,2019-11-07,https://www.finance.gov.mv/public/attachments/hSExgCUmKCcgMC9rM6FGjAo2E05DHgw2KVPBojMa.pdf,2,"approved, this year",20191.8,24056.6,,14091.9,16506.5,,5094.8,5648.7,,1049.1,2069.8,,21826.4,29045.5,,16466.2,19117.4,,5360.2,9928.1,,8211.8,9532.0,,-677.3,-2987.3,,-1634.6,-4988.9,,957.2,2001.5,,1009.1,2887.9,,1100.6,705.6,,3023.6,7214.2,,4045.1,5039.5,,2385.6,2998.9,,2784.8,3183.8,,707.4,892.7,,1288.0,1855.8,,1407.3,874.0,,1065.0,1262.7,,959.0,1000.0,,,36355.2,,
2019-11-14,45,2019-11-14,https://www.finance.gov.mv/public/attachments/oaDbfSkOxR7LWkrH9Vhb683NaqpBDjAwSYR9aeY2.pdf,2,"approved, this year",20467.2,24056.6,,14180.4,16506.5,,5280.6,5648.7,,1049.8,2069.8,,22074.4,29045.5,,16640.5,19117.4,,5433.9,9928.1,,8212.7,9532.0,,-648.9,-2987.3,,-1607.3,-4988.9,,958.3,2001.5,,1009.1,2887.9,,1126.5,705.6,,3053.8,7214.2,,4072.0,5039.5,,2415.8,2998.9,,2784.7,3183.8,,716.3,892.7,,1288.0,1855.8,,1557.3,874.0,,1133.3,1262.7,,976.2,1000.0,,,36482.0,,
2019-11-21,46,2019-11-21,https://www.finance.gov.mv/public/attachments/ts7vPVXipYMwJ7qfEkFLFsNThWInrAr52qbDYj6M.pdf,2,"approved, this year",20919.3,24056.6,,14515.8,16506.5,,5398.3,5648.7,,1050.2,2069.8,,22551.2,29045.5,,16999.1,19117.4,,5552.1,9928.1,,8241.8,9532.0,,-544.3,-2987.3,,-1631.9,-4988.9,,1087.6,2001.5,,1021.8,2887.9,,1281.4,705.6,,3162.6,7214.2,,4168.2,5039.5,,2445.1,2998.9,,2873.9,3183.8,,736.3,892.7,,1289.5,1855.8,,1582.3,874.0,,1169.5,1262.7,,976.8,1000.0,,,36481.8,,
2019-11-28,47,2019-11-28,https://www.finance.gov.mv/public/attachments/sVV16rT80gp1tvaUWHE4hOblyprOoDo19eWFOvW0.pdf,2,"approved, this year",21694.4,24056.6,,15083.4,16506.5,,5608.7,5648.7,,1050.2,2069.8,,24753.9,29045.5,,18272.5,19117.4,,6481.5,9928.1,,9032.2,9532.0,,-1763.1,-2987.3,,-3059.5,-4988.9,,1296.4,2001.5,,1021.8,2887.9,,1284.6,705.6,,3463.9,7214.2,,4438.5,5039.5,,2605.2,2998.9,,2963.9,3183.8,,772.2,892.7,,1292.2,1855.8,,1584.0,874.0,,1169.5,1262.7,,1084.7,1000.0,,,37059.1,,
2019-12-05,48,2019-12-05,https://www.finance.gov.mv/public/attachments/zuPkwcYBfTonECIOAKbBeAwLI6pxqsGlcKRf52VO.pdf,2,"approved, this year",21912.1,24056.6,,15206.5,16506.5,,5695.6,5648.7,,1062.2,2069.8,,25217.8,29045.5,,18480.8,19117.4,,6737.0,9928.1,,9043.6,9532.0,,-2009.2,-2987.3,,-3305.7,-4988.9,,1296.4,2001.5,,1022.0,2887.9,,1288.0,705.6,,3504.3,7214.2,,4494.0,5039.5,,2632.3,2998.9,,2982.1,3183.8,,785.7,892.7,,1305.8,1855.8,,1584.0,874.0,,1228.5,1262.7,,1105.3,1000.0,,,37059.1,,
2019-12-12,49,2019-12-12,https://www.finance.gov.mv/public/attachments/LUhnntWE0LUaUYkRQfpHxObBZzmLrvo2t8t7l77M.pdf,2,"approved, this year",22373.4,24056.6,,15451.9,16506.5,,5888.8,5648.7,,1086.6,2069.8,,25677.8,29045.5,,18673.2,19117.4,,7004.6,9928.1,,9046.2,9532.0,,-1993.2,-2987.3,,-3304.5,-4988.9,,1311.3,2001.5,,1046.1,2887.9,,1303.9,705.6,,3624.0,7214.2,,4517.5,5039.5,,2654.9,2998.9,,3114.2,3183.8,,794.8,892.7,,1341.2,1855.8,,1609.0,874.0,,1243.0,1262.7,,1133.5,1000.0,,,37241.9,,
2019-12-19,50,2019-12-19,https://www.finance.gov.mv/public/attachments/ZyPZh2SeoXBxFSn43MAaXklZEbqf2BDydonFNwhK.pdf,2,"approved, this year",22757.0,24056.6,,15668.2,16506.5,,6010.3,5648.7,,1132.7,2069.8,,26157.9,29045.5,,19115.7,19117.4,,7042.2,9928.1,,9161.7,9532.0,,-1996.7,-2987.3,,-3400.9,-4988.9,,1404.2,2001.5,,1105.0,2887.9,,1329.0,705.6,,3647.7,7214.2,,4564.3,5039.5,,2673.8,2998.9,,3155.6,3183.8,,803.9,892.7,,1406.9,1855.8,,1609.0,874.0,,1281.1,1262.7,,1141.3,1000.0,,,37444.8,,
2019-12-26,51,2019-12-26,https://www.finance.gov.mv/public/attachments/IjcE3742sirTDALPTr3xbogxxIY9gkER7k6mgh4A.pdf,2,"approved, this year",23393.9,24056.6,,16077.5,16506.5,,6233.8,5648.7,,1136.7,2069.8,,27181.6,29045.5,,19941.3,19117.4,,7240.4,9928.1,,9822.8,9532.0,,-2369.4,-2987.3,,-3787.8,-4988.9,,1418.4,2001.5,,1121.4,2887.9,,1349.6,705.6,,3723.2,7214.2,,4783.6,5039.5,,2724.1,2998.9,,3223.0,3183.8,,839.8,892.7,,1572.7,1855.8,,1609.0,874.0,,1281.2,1262.7,,1153.6,1000.0,,,37425.7,,
2019-12-31,52,2019-12-31,https://www.finance.gov.mv/public/attachments/19ciVbk0HnOTTpdKTaUIjULds3I8B5aMsuKiFSJb.pdf,2,"approved, this year",23898.6,24056.6,,16434.8,16506.5,,6381.4,5648.7,,1136.4,2069.8,,27538.4,29045.5,,20249.0,19117.4,,7289.4,9928.1,,9835.4,9532.0,,-2221.4,-2987.3,,-3639.8,-4988.9,,1418.4,2001.5,,1121.4,2887.9,,1350.1,705.6,,3756.3,7214.2,,4890.4,5039.5,,2840.6,2998.9,,3339.3,3183.8,,849.0,892.7,,1654.2,1855.8,,1609.0,874.0,,1281.2,1262.7,,1217.9,1000.0,,,37425.7,,
2020-01-09,1,2020-01-09,https://www.finance.gov.mv/public/attachments/Xy7PYdkEIVgoY45WIZnMEnthDJjucRaaVM9pPDKf.pdf,3,"approved, this year, last year",87.8,29921.6,234.7,54.2,17852.3,152.8,32.8,7058.3,93.3,0.0,5214.9,0.2,219.9,35966.4,81.4,137.6,22337.9,79.8,82.3,13628.5,1.6,8.3,10278.5,0.8,-80.8,-4201.1,182.2,-132.1,-6044.8,153.3,51.2,1843.7,28.9,52.3,1883.7,48.8,,,,,,,20.7,2901.0,20.2,18.0,5053.5,17.5,0.0,3580.6,81.2,4.2,970.3,7.5,9.8,1726.6,36.7,0.0,1311.6,0.0,70.8,1049.3,0.0,0.0,950.8,0.0,,37502.2,,
2020-01-16,2,2020-01-16,https://www.finance.gov.mv/public/attachments/Sr2TdCnIJXi3EjbFFZslOe2gHyJsPVcm5T25w4KD.pdf,3,"approved, this year, last year",289.9,29921.6,581.5,200.0,17852.3,427.1,89.1,7058.3,174.5,0.0,5214.9,0.9,406.6,35966.4,188.1,246.2,22337.9,174.0,160.4,13628.5,14.1,33.4,10278.5,9.9,-65.5,-4201.1,465.6,-116.7,-6044.8,393.4,51.2,1843.7,72.2,52.3,1883.7,95.0,,,,,,,42.0,2901.0,72.7,28.7,5053.5,35.9,0.0,3580.6,127.4,11.9,970.3,13.9,30.1,1726.6,41.5,0.0,1311.6,0.0,70.8,1049.3,0.0,0.0,950.8,0.0,,37502.2,,
2020-01-23,3,2020-01-23,https://www.finance.gov.mv/public/attachments/GWkYPxHetjIPfNQQH09411VYvvc6sUhmZ6wlDDHN.pdf,3,"approved, this year, last year",765.2,29921.6,1075.1,604.5,17852.3,749.4,159.4,7058.3,344.0,0.0,5214.9,4.8,581.6,35966.4,494.8,379.8,22337.9,428.3,201.8,13628.5,66.5,82.1,10278.5,202.1,241.4,-4201.1,677.8,183.5,-6044.8,580.3,57.9,1843.7,97.4,89.8,1883.7,119.0,,,,,,,173.5,2901.0,162.6,64.4,5053.5,72.5,0.0,3580.6,199.7,41.5,970.3,29.8,40.1,1726.6,47.3,0.0,1311.6,0.0,105.8,1049.3,0.0,0.0,950.8,0.0,,37715.0,,
2020-01-30,4,2020-01-30,https://www.finance.gov.mv/public/attachments/9ZzncgKRJt0QJYnlYUQXalRsFUpPjwRrPRrHkmpd.pdf,3,"approved, this year, last year",1610.1,29921.6,2664.4,1427.9,17852.3,1817.3,180.7,7058.3,475.6,0.0,5214.9,394.5,1496.3,35966.4,1225.8,1254.5,22337.9,1117.2,241.8,13628.5,108.6,820.7,10278.5,751.7,172.2,-4201.1,1557.9,113.7,-6044.8,1438.6,58.5,1843.7,119.3,89.8,1883.7,138.0,,,,127.1,10454.8,24.6,487.1,2901.0,454.2,238.1,5053.5,297.7,0.0,3580.6,271.3,81.1,970.3,75.3,40.1,1726.6,51.9,0.0,1311.6,0.0,130.9,1049.3,0.0,0.0,950.8,0.0,,37715.0,,
2020-02-06,5,2020-02-06,https://www.finance.gov.mv/public/attachments/fDE2MHaNQddMmbWHqUm9VnAWu9d1oE07Y2mzdqzo.pdf,3,"approved, this year, last year",2411.6,29921.6,3124.8,2079.2,17852.3,2219.4,325.7,7058.3,529.0,5.0,5214.9,398.6,1638.9,35966.4,2067.7,1387.0,22337.9,1551.7,251.9,13628.5,516.0,830.0,10278.5,779.5,851.9,-4201.1,1181.1,772.7,-6044.8,1057.1,79.2,1843.7,124.0,108.7,1883.7,138.0,,,,130.5,10454.8,358.6,555.9,2901.0,495.8,306.5,5053.5,313.7,110.4,3580.6,334.4,88.1,970.3,79.3,40.2,1726.6,54.4,0.0,1311.6,0.0,130.9,1049.3,0.0,22.4,950.8,0.0,,37768.9,,
2020-02-13,6,2020-02-13,https://www.finance.gov.mv/public/attachments/ZpEcV6GpBUkTm4D9FnbEb26pHqoLRrxtaPPKgqS2.pdf,3,"approved, this year, last year",2582.4,29921.6,3326.2,2194.5,17852.3,2376.5,381.0,7058.3,572.2,5.2,5214.9,399.7,2548.8,35966.4,2179.8,1645.8,22337.9,1658.6,903.0,13628.5,521.2,831.4,10278.5,782.3,112.8,-4201.1,1290.3,33.6,-6044.8,1146.4,79.2,1843.7,143.9,108.7,1883.7,145.5,67.3,0.0,120.9,573.2,10454.8,362.9,575.1,2901.0,526.3,325.2,5053.5,329.0,110.5,3580.6,391.2,96.8,970.3,87.7,42.5,1726.6,54.7,0.0,1311.6,0.0,218.0,1049.3,48.7,71.9,950.8,3.5,,37768.9,,
2020-02-20,7,2020-02-20,https://www.finance.gov.mv/public/attachments/0bEF1INJubdEcNuEiyKezqpHpLrPE2b4eGksI2hg.pdf,3,"approved, this year, last year",2791.3,29921.6,3663.7,2372.6,17852.3,2632.2,411.9,7058.3,655.9,5.0,5214.9,400.8,2740.8,35966.4,2481.2,1778.7,22337.9,1855.7,962.1,13628.5,625.5,847.9,10278.5,817.2,131.6,-4201.1,1338.6,50.5,-6044.8,1182.5,81.1,1843.7,156.1,126.3,1883.7,154.2,94.1,0.0,120.9,610.1,10454.8,84.9,607.4,2901.0,580.4,337.2,5053.5,351.8,136.7,3580.6,443.7,110.3,970.3,100.9,42.5,1726.6,54.7,0.0,1311.6,0.0,218.0,1049.3,74.4,87.7,950.8,33.8,,37722.7,,
2020-02-27,8,2020-02-27,https://www.finance.gov.mv/public/attachments/OORPWRFEj9npjeOdBhb9kg5pbLMHUC1NBFKXwF9P.pdf,3,"approved, this year, last year",3430.6,29921.6,4212.8,2956.6,17852.3,3130.4,470.0,7058.3,701.5,5.0,5214.9,403.8,3871.3,35966.4,3523.4,2758.8,22337.9,2842.2,1112.5,13628.5,681.2,1622.2,10278.5,1558.1,-359.6,-4201.1,866.1,-440.7,-6044.8,689.5,81.1,1843.7,176.7,126.3,1883.7,189.0,142.4,0.0,123.8,764.7,10454.8,442.2,843.1,2901.0,872.2,395.6,5053.5,424.9,357.0,3580.6,525.8,146.4,970.3,132.5,42.5,1726.6,58.0,0.0,1311.6,0.8,235.2,1049.3,77.4,99.0,950.8,82.3,,38290.8,,
2020-03-05,9,2020-03-05,https://www.finance.gov.mv/public/attachments/8kbyMUf574gs7XfskCTnGei53dEZdWkqpA1dcX5r.pdf,3,"approved, this year, last year",4068.0,29921.6,4738.7,3541.0,17852.3,3562.0,515.2,7058.3,774.2,12.6,5214.9,425.4,4194.5,35966.4,3820.6,2983.5,22337.9,2973.6,1211.0,13628.5,847.0,1633.4,10278.5,1569.3,-23.3,-4201.1,1095.7,-126.6,-6044.8,918.0,103.3,1843.7,177.6,179.4,1883.7,189.0,143.4,0.0,246.6,852.4,10454.8,482.8,1184.8,5053.5,1076.5,530.6,2901.0,542.1,400.4,3580.6,586.8,188.7,970.3,164.2,46.4,1726.6,63.3,0.0,1311.6,20.3,290.7,1049.3,77.4,133.2,950.8,98.3,,38188.7,,
2020-03-12,10,2020-03-12,https://www.finance.gov.mv/public/attachments/2clkzQsTU4I7eSN0fweUxBY28ABzNKbH93DYEu9k.pdf,3,"approved, last year, this year",4133.9,29921.6,4919.7,3588.8,17852.3,3715.8,531.5,7058.3,798.7,14.3,5214.9,428.1,4536.7,35987.6,3986.0,3187.6,22337.9,3073.4,1349.1,13649.8,912.6,1607.6,10278.5,1540.6,-264.3,-4222.3,1149.5,-402.8,-6066.1,933.7,138.5,1843.7,215.7,300.9,1883.7,274.0,146.2,0.0,253.7,953.4,10454.8,492.3,1192.4,5053.5,1099.8,539.5,2901.0,566.1,417.1,3580.6,643.8,194.0,970.3,169.9,57.9,1726.6,81.9,0.0,1311.6,20.3,355.5,1049.3,99.7,183.8,950.8,113.9,,38188.7,,
2020-03-19,10,2020-03-19,https://www.finance.gov.mv/public/attachments/2w1H4dw0x6PpJhHUgkU7nm3lgjG3ul8aLgxMNhz5.pdf,3,"approved, last year, this year",4597.2,29921.6,5384.3,3943.4,17852.3,3969.9,631.5,7058.3,1006.4,21.9,5214.9,432.7,5590.2,35966.4,4240.6,4028.8,22337.9,3260.6,1561.4,13628.5,980.0,2135.6,10278.5,1601.0,-793.9,-4201.1,1385.1,-992.9,-6044.8,1143.7,199.0,1843.7,241.4,372.9,1883.7,306.8,149.4,0.0,253.7,1157.3,10454.8,540.9,1237.5,5053.5,1153.4,552.7,2901.0,581.7,605.6,3580.6,705.0,205.6,970.3,185.6,90.4,1726.6,165.1,0.0,1311.6,20.4,356.1,1049.3,154.6,268.5,950.8,121.9,,38460.9,,
2020-03-26,11,2020-03-26,https://www.finance.gov.mv/public/attachments/lmUjmgmBRYvcUWGuHDzbiOrDIktbkBcB91gRvT8z.pdf,3,"approved, last year, this year",4597.4,29921.6,5960.3,3943.4,17852.3,4376.0,631.7,7058.3,1169.3,21.9,5214.9,439.7,5948.0,35966.4,5158.0,4370.6,22337.9,4096.9,1577.4,13628.5,1061.1,2372.4,10278.5,2266.1,-1151.5,-4201.1,1068.0,-1350.6,-6044.8,802.3,199.0,1843.7,265.8,372.9,1883.7,318.1,149.4,0.0,253.7,1157.5,10454.8,554.2,1237.5,5053.5,1404.2,552.7,2901.0,634.6,605.6,3580.6,763.6,205.6,970.3,214.0,90.4,1726.6,288.8,0.0,1311.6,24.2,376.1,1049.3,161.3,270.9,950.8,142.6,,38460.9,,
2020-04-02,12,2020-04-02,https://www.finance.gov.mv/public/attachments/q4tv7HRHaAvKNU4lKbJAMqh70KEY9IrwCOYhp2MN.pdf,3,"approved, last year, this year",4644.5,29921.6,6599.3,3981.1,17852.3,4804.0,641.0,7058.3,1373.5,21.9,5214.9,445.8,6233.4,35966.4,5976.2,4605.8,22337.9,4437.5,1627.6,13628.5,1538.7,2455.9,10278.5,2355.9,-1389.9,-4201.1,939.2,-1588.9,-6044.8,623.1,199.0,1843.7,316.2,372.9,1883.7,318.1,193.0,0.0,380.9,1167.5,10454.8,1015.3,1237.5,5053.5,1575.6,552.7,2901.0,779.8,642.8,3580.6,834.0,205.6,970.3,244.6,90.4,1726.6,444.2,0.0,1311.6,24.2,376.1,1049.3,161.3,339.0,950.8,164.7,,39076.3,,
2020-04-09,13,2020-04-09,https://www.finance.gov.mv/public/attachments/LjTVVuO4BuQoQ4EH5pdiIvpMXCBCVu8h3ZAX8biE.pdf,3,"approved, last year, this year",5225.4,29921.6,6982.9,4418.0,17852.3,4937.0,785.1,7058.3,1623.5,21.9,5214.9,446.2,6733.9,35966.4,6372.6,4978.0,22337.9,4712.6,1755.9,13628.5,1660.1,2637.6,10278.5,2359.1,-1309.5,-4201.1,976.0,-1508.5,-6044.8,610.3,199.0,1843.7,365.7,372.9,1883.7,339.3,193.0,0.0,382.0,1193.7,10454.8,1052.5,1457.9,5053.5,1604.8,642.1,2901.0,788.2,706.1,3580.6,903.2,241.1,970.3,250.0,204.8,1726.6,446.9,0.0,1311.6,221.7,426.6,1049.3,234.8,368.2,950.8,175.7,,39076.3,,
2020-04-16,14,2020-04-16,https://www.finance.gov.mv/public/attachments/J7uuiDC5r4geuRpz9hOYTFQQWooJ22Eedz7pf3bl.pdf,3,"approved, last year, this year",5346.7,29921.6,7320.6,4535.9,17852.3,5187.6,788.4,7058.3,1711.1,21.9,5214.9,447.7,7051.1,35966.4,6592.4,5226.0,22337.9,4897.8,1825.1,13628.5,1694.6,2785.9,10278.5,2360.5,-1505.4,-4201.1,1156.6,-1704.4,-6044.8,728.2,199.0,1843.7,428.4,372.9,1883.7,404.0,193.0,0.0,393.3,1264.8,10454.8,1094.2,1457.9,5053.5,1660.4,800.7,2901.0,642.1,822.3,3580.6,965.9,241.1,970.3,259.1,204.8,1726.6,459.7,0.0,1311.6,221.7,470.6,1049.3,269.3,390.2,950.8,181.8,,39640.9,,
2020-04-23,15,2020-04-23,https://www.finance.gov.mv/public/attachments/AAKQpgp0n21Enj4LcT8dUKcdWGdPmBtlURcEBUB1.pdf,3,"approved, last year, this year",5346.6,29921.6,7648.3,4535.9,17852.3,5465.7,788.3,7058.3,1758.2,21.9,5214.9,449.9,7100.4,35966.4,7292.1,5155.0,22337.9,5362.5,1945.4,13628.5,1929.5,2605.7,10278.5,2642.8,-1550.2,-4201.1,801.0,-1753.9,-6044.8,356.2,203.6,1843.7,444.8,448.5,1883.7,418.3,193.0,0.0,441.1,1312.7,10454.8,1115.0,1457.9,5053.5,1795.6,836.7,2901.0,642.1,822.3,3580.6,1031.4,241.1,970.3,279.7,204.8,1726.6,459.7,0.0,1311.6,221.7,506.5,1049.3,271.1,415.5,950.8,239.0,,39640.9,,
2020-04-30,16,2020-04-30,https://www.finance.gov.mv/public/attachments/yNBKkdH4tcUvEO4LBMeKoVkkjN0EtFNkANLSSXc1.pdf,3,"approved, last year, this year",5416.8,29921.6,8344.1,4574.9,17852.3,6130.0,819.2,7058.3,1786.4,22.3,5214.9,452.8,8099.3,35966.4,8291.7,6085.1,22337.9,6136.3,2014.2,13628.5,2155.4,3353.1,10278.5,3252.4,-2478.5,-4201.1,504.2,-2682.5,-6044.8,52.4,204.1,1843.7,451.7,450.3,1883.7,418.3,193.0,0.0,509.7,1327.9,10454.8,1321.4,1481.7,5053.5,2133.5,651.8,2901.0,1048.5,822.3,3580.6,1098.0,246.4,970.3,324.3,224.5,1726.6,459.7,0.0,1311.6,221.7,506.6,1049.3,271.3,424.6,950.8,263.7,,39965.9,,
2020-05-07,17,2020-05-07,https://www.finance.gov.mv/public/attachments/hkx8y1cR2H7ZQPLypfD0BUPJ3E1okTRcaN3fX14v.pdf,3,"approved, last year, this year",5874.4,29921.6,8690.6,4894.3,17852.3,6242.2,957.8,7058.3,2019.5,22.3,5214.9,453.4,8471.3,35966.4,8371.3,6182.2,22337.9,6211.3,2289.1,13628.5,2159.9,3354.1,10278.5,3265.7,-2374.0,-4201.1,789.2,-2596.9,-6044.8,319.3,222.9,1843.7,469.9,482.5,1883.7,445.1,193.0,0.0,517.0,1401.3,10454.8,1324.2,1571.9,5053.5,2157.4,742.6,2901.0,1061.5,870.4,3580.6,1156.8,272.9,970.3,328.7,307.2,1726.6,464.8,0.0,1311.6,410.8,506.6,1049.3,271.3,425.5,950.8,274.1,,39965.9,,
2020-05-14,18,2020-05-14,https://www.finance.gov.mv/public/attachments/8nE8MLnFcniTU0DYnroed99c9mMa1hpIX2fJKvNB.pdf,3,"approved, last year, this year",5955.9,29921.6,8988.3,4957.1,17852.3,6473.6,976.3,7058.3,2087.6,22.3,5214.9,455.8,8808.6,35966.4,8770.0,6300.7,22337.9,6536.1,2507.9,13628.5,2233.9,3354.2,10278.5,3269.6,-2629.8,-4201.1,828.0,-2852.7,-6044.8,218.3,222.9,1843.7,609.7,482.5,1883.7,464.1,193.0,0.0,518.0,1469.0,10454.8,1369.7,1580.2,5053.5,2185.4,762.4,2901.0,1080.0,902.9,3580.6,1213.5,274.2,970.3,337.6,307.2,1726.6,466.0,0.0,1311.6,410.8,554.9,1049.3,367.0,446.1,950.8,291.2,,39665.5,,
2020-05-21,19,2020-05-21,https://www.finance.gov.mv/public/attachments/7ZNxmm9wYn1c0cRqMjY6D3JN3WekOp3D8tt1wnLU.pdf,3,"approved, last year, this year",6057.8,29921.6,9319.6,5032.7,17852.3,6697.6,1001.7,7058.3,2193.8,23.3,5214.9,457.4,9342.9,35966.4,9289.7,6783.6,22337.9,6948.6,2559.3,13628.5,2341.1,3553.5,10278.5,3463.4,-2926.0,-4201.1,663.3,-3285.1,-6044.8,29.9,359.2,1843.7,633.4,489.0,1883.7,470.5,193.0,0.0,566.0,1526.7,10454.8,1414.2,1611.3,5053.5,2262.3,779.2,2901.0,1097.6,902.9,3580.6,1289.0,278.0,970.3,350.1,314.1,1726.6,466.1,0.0,1311.6,464.3,578.9,1049.3,407.3,464.4,950.8,323.3,,39665.5,,
2020-05-28,20,2020-05-28,https://www.finance.gov.mv/public/attachments/L8fRzuzKuMHfq3utarKugJ8XfaQDNtQbRk2MVZE0.pdf,3,"approved, last year, this year",6087.9,29921.6,9991.2,5055.9,17852.3,7338.7,1008.6,7058.3,2220.3,23.3,5214.9,461.2,10093.3,35966.4,10105.5,7443.8,22337.9,7697.5,2649.6,13628.5,2408.1,4102.2,10278.5,4051.2,-3646.3,-4201.1,531.6,-4005.4,-6044.8,-114.3,359.2,1843.7,645.9,489.0,1883.7,471.7,193.0,0.0,579.5,1585.5,10454.8,1437.9,1615.4,5053.5,2563.1,791.0,2901.0,1273.5,902.9,3580.6,1371.5,279.0,970.3,399.1,314.1,1726.6,468.0,0.0,1311.6,464.3,598.1,1049.3,407.3,473.4,950.8,378.5,,39720.8,,
2020-06-04,21,2020-06-04,https://www.finance.gov.mv/public/attachments/41wEEmLmwmBZKImVYMRFbOatejbU9n5XMLAuWfqA.pdf,3,"approved, last year, this year",6148.9,29921.6,10114.8,5089.7,17852.3,7418.8,1033.3,7058.3,2263.2,25.7,5214.9,461.6,10418.0,35966.4,10326.9,7536.6,22337.9,7803.2,2881.4,13628.5,2523.7,4124.6,10278.5,4059.8,-3910.0,-4201.1,446.1,-4269.1,-6044.8,-212.1,359.2,1843.7,658.3,489.0,1883.7,479.7,193.0,0.0,642.9,1664.6,10454.8,1560.4,1618.7,5053.5,2582.3,816.4,2901.0,1283.0,902.9,3580.6,1400.0,280.6,970.3,402.6,333.6,1726.6,468.4,0.0,1311.6,464.3,598.1,1049.3,407.3,476.6,950.8,387.0,,39663.2,,
2020-06-11,22,2020-06-11,https://www.finance.gov.mv/public/attachments/osfPwBkPpi4mx7607Cm80zXiAJa97H06AI9BS4C3.pdf,3,"approved, last year, this year",6229.7,29921.6,10322.7,5140.7,17852.3,7567.7,1063.1,7058.3,2318.0,25.7,5214.9,465.7,11163.6,35966.4,10517.0,7745.3,22337.9,7965.9,3418.3,13628.5,2551.0,4127.1,10278.5,4065.2,-4560.5,-4201.1,474.8,-4934.0,-6044.8,-194.3,373.5,1843.7,669.1,532.8,1883.7,487.2,193.0,0.0,650.9,1813.3,10454.8,1575.8,1633.2,5053.5,2595.9,834.9,2901.0,1293.5,902.9,3580.6,1482.0,282.2,970.3,410.9,345.8,1726.6,481.1,0.0,1311.6,464.3,598.1,1049.3,473.6,494.7,950.8,406.0,,39663.2,,
2020-06-18,23,2020-06-18,https://www.finance.gov.mv/public/attachments/NKweEy5HRPTdjWvKNDp5x5ZZcVurUoNuj7A7oH0b.pdf,3,"approved, last year, this year",6283.6,29921.6,10778.8,5182.7,17852.3,7896.4,1075.1,7058.3,2443.9,25.7,5214.9,467.1,11483.9,35966.4,10784.2,7902.3,22337.9,8163.5,3581.6,13628.5,2620.7,4142.5,10278.5,4093.2,-4826.7,-4201.1,675.8,-5200.3,-6044.8,-5.4,373.6,1843.7,681.1,532.8,1883.7,492.5,245.1,0.0,663.0,1935.0,10454.8,1585.6,1639.0,5053.5,2623.9,847.5,2901.0,1322.9,902.8,3580.6,1538.5,283.2,970.3,419.2,347.7,1726.6,548.4,0.0,1311.6,464.3,598.4,1049.3,543.2,516.8,950.8,406.0,,39656.7,,
2020-06-25,24,2020-06-25,https://www.finance.gov.mv/public/attachments/EOGqkdYBbAq832IwBRJblINCprQAqE4oTyk5T89j.pdf,3,"approved, last year, this year",6359.0,29921.6,11164.3,5232.3,17852.3,8148.1,1100.9,7058.3,2572.4,25.7,5214.9,473.9,11673.1,35966.4,11817.6,8224.8,22337.9,9048.8,3448.3,13628.5,2768.8,4324.4,10278.5,4792.1,-4937.6,-4201.1,39.9,-5314.1,-6044.8,-653.3,376.5,1843.7,693.2,535.9,1883.7,527.9,245.1,0.0,694.3,2024.6,10454.8,1651.6,1648.7,5053.5,2723.6,877.6,2901.0,1362.3,904.4,3580.6,1594.5,283.5,970.3,438.0,357.0,1726.6,650.0,0.0,1311.6,464.3,603.9,1049.3,543.3,533.3,950.8,474.8,,39973.1,,
2020-07-02,25,2020-07-02,https://www.finance.gov.mv/public/attachments/W493IabpNj3USSUzg4vJAbzmLGbYM1Dw0OqpTZ8W.pdf,3,"approved, last year, this year",6478.2,29921.6,12117.9,5254.7,17852.3,8830.6,1196.1,7058.3,2835.8,27.3,5214.9,479.3,12538.9,35966.4,12771.2,8943.7,22337.9,9378.5,3595.2,13628.5,3392.7,4935.3,10278.5,4905.8,-5684.3,-4201.1,111.7,-6060.7,-6044.8,-653.3,376.5,1843.7,765.0,535.9,1883.7,588.1,245.1,0.0,768.8,2129.5,10454.8,2255.8,1653.5,5053.5,2882.3,884.1,2901.0,1495.5,906.9,3580.6,1647.8,283.9,970.3,460.8,364.6,1726.6,842.2,83.2,1311.6,464.3,613.9,1049.3,543.3,551.4,950.8,490.6,,40224.5,,
2020-07-09,26,2020-07-09,https://www.finance.gov.mv/public/attachments/Hok202xjg3Cf76kl8moosWHorA02lHP2HFYA0x7E.pdf,3,"approved, last year, this year",6594.4,29921.6,12364.5,5305.2,17852.3,9019.0,1260.9,7058.3,2903.8,27.5,5214.9,480.7,12795.8,30107.0,13239.1,9129.4,22337.9,9785.8,3666.4,7769.2,3453.3,4936.2,10278.5,4916.7,-5796.9,1658.3,-94.2,-6201.4,-185.5,-874.6,404.4,1843.7,780.5,584.4,1883.7,588.1,245.1,0.0,768.8,2144.8,10454.8,2273.4,1660.4,5053.5,2904.2,917.7,2901.0,1506.3,907.4,3580.6,1724.9,284.6,970.3,465.8,368.6,1726.6,848.0,83.2,1311.6,464.3,614.0,1049.3,568.4,586.8,950.8,528.4,,40224.5,,
2020-07-16,27,2020-07-16,https://www.finance.gov.mv/public/attachments/kfJ1QsKCmR5HMH6mkF8SU3pBlzRDyWYMFQMBlrdH.pdf,3,"approved, last year, this year",6697.3,29921.6,12766.5,5367.9,17852.3,9258.3,1301.1,7058.3,3066.2,27.5,5214.9,483.4,13130.9,35966.4,13541.9,9235.2,22337.9,9984.5,3895.7,13628.5,3557.5,4936.9,10278.5,4921.5,-6024.5,-4201.1,17.4,-6433.5,-6044.8,-775.4,409.0,1843.7,792.7,600.7,1883.7,596.1,246.4,0.0,770.1,2263.1,10454.8,2283.9,1666.2,5053.5,2917.8,961.4,2901.0,1521.6,907.4,3580.6,1791.9,284.8,970.3,469.8,373.8,1726.6,858.3,83.2,1311.6,464.3,614.0,1049.3,612.1,599.8,950.8,560.2,,40244.3,,
2020-07-23,28,2020-07-23,https://www.finance.gov.mv/public/attachments/KVGKKyAANmZa7Q7IC691kx7ajXl6ANQXrRiHVAw8.pdf,3,"approved, last year, this year",7020.8,29921.6,13504.5,5659.2,17852.3,9917.6,1329.2,7058.3,3136.4,31.6,5214.9,490.3,14183.2,35966.4,13896.9,9813.4,22337.9,10299.4,4369.8,13628.5,3597.4,5280.5,10278.5,5064.4,-6751.7,-4201.1,426.2,-7162.3,-6044.8,-392.4,410.6,1843.7,818.6,622.3,1883.7,664.3,246.4,0.0,802.0,2312.1,10454.8,2309.3,1690.6,5053.5,2995.2,1047.8,2901.0,1551.8,907.4,3580.6,1845.3,288.5,970.3,489.5,373.8,1726.6,875.1,83.2,1311.6,465.2,674.1,1049.3,654.5,641.7,950.8,570.9,,40327.8,,
2020-07-30,29,2020-07-30,https://www.finance.gov.mv/public/attachments/HxGNl3CUcsIlICDlcfT2ta63cv12co34ZH3kNcMs.pdf,3,"approved, last year, this year",7027.2,29921.6,15028.9,5662.8,17852.3,10853.0,1331.9,7058.3,3233.3,31.6,5214.9,982.2,14641.3,35966.4,14817.5,10271.0,22337.9,11104.1,4370.3,13628.5,3713.4,5709.3,10278.5,5720.2,-7203.6,-4201.1,1032.9,-7614.2,-6044.8,211.4,410.6,1843.7,821.5,622.3,1883.7,676.2,246.4,0.0,879.7,2312.3,10454.8,2335.7,1691.1,5053.5,3148.4,1050.9,2901.0,1724.5,907.4,3580.6,1909.4,288.5,970.3,508.8,373.8,1726.6,875.1,83.2,1311.6,540.3,674.1,1049.3,654.5,648.2,950.8,615.1,,40327.8,,
2020-08-06,30,2020-08-06,https://www.finance.gov.mv/public/attachments/MiwISkPJIFjHEJuekuXkocQAAtPJ0gj4HcGSiJSH.pdf,3,"approved, last year, this year",7700.0,29921.6,15399.6,6320.4,17852.3,11148.8,1346.4,7058.3,3285.6,32.2,5214.9,1005.1,14674.0,35966.4,15121.1,10292.8,22337.9,11342.1,4381.1,13628.5,3779.0,5715.0,10278.5,5723.5,-6563.2,-4201.1,1134.5,-6974.0,-6044.8,278.6,410.8,1843.7,855.9,625.0,1883.7,689.7,247.0,0.0,879.7,2323.0,10454.8,2457.8,1706.8,5053.5,3154.5,1184.0,2901.0,1745.4,907.4,3580.6,2005.6,289.6,970.3,517.9,373.8,1726.6,878.7,83.2,1311.6,542.0,674.1,1049.3,729.2,649.6,950.8,622.8,,40327.8,,
2020-08-13,31,2020-08-13,https://www.finance.gov.mv/public/attachments/5hLMrOzVPbSkJdaypn8b2aD3v9TePlt3ovGWfE4v.pdf,3,"approved, last year, this year",7968.0,29921.6,15547.3,6487.9,17852.3,11275.5,1446.9,7058.3,3298.8,32.2,5214.9,1014.8,15210.9,35966.4,15289.2,10551.3,22337.9,11425.2,4659.5,13628.5,3864.0,5728.4,10278.5,5723.7,-6819.3,-4201.1,1175.6,-7242.9,-6044.8,258.1,423.5,1843.7,917.5,631.3,1883.7,689.7,247.0,0.0,884.9,2414.5,10454.8,2524.5,1715.6,5053.5,3172.4,1244.3,2901.0,1751.1,907.4,3580.6,2072.4,292.0,970.3,524.2,373.3,1726.6,878.7,83.2,1311.6,542.0,744.8,1049.3,729.2,678.1,950.8,622.8,,40403.9,,
2020-08-20,32,2020-08-20,https://www.finance.gov.mv/public/attachments/rWHxbr1VL8KD4KoHr1V2QmhSNMs9SuIN1I6oiBam.pdf,3,"approved, last year, this year",8255.7,29921.6,15819.9,6764.1,17852.3,11488.0,1457.4,7058.3,3363.9,33.1,5214.9,1015.7,15810.6,35966.4,15537.0,10755.8,22337.9,11586.7,5054.8,13628.5,3950.4,5847.9,10278.5,5761.2,-7131.4,-4201.1,1213.7,-7554.9,-6044.8,282.8,423.5,1843.7,930.9,631.3,1883.7,698.9,247.0,0.0,884.9,2683.4,10454.8,2563.7,1718.7,5053.5,3214.4,1251.4,2901.0,1768.1,907.4,3580.6,2119.2,293.0,970.3,533.2,374.5,1726.6,879.9,83.2,1311.6,542.0,744.8,1049.3,751.8,679.2,950.8,645.8,,40403.9,,
2020-08-27,33,2020-08-27,https://www.finance.gov.mv/public/attachments/Ngb8qtP3BWfawvY6w0RIwpSLsiBaZPYluik5hPuM.pdf,3,"approved, last year, this year",8579.5,29921.6,16359.3,6988.4,17852.3,11970.4,1478.3,7058.3,3412.5,111.6,5214.9,1024.0,16798.0,35966.4,16599.5,11606.9,22337.9,12515.7,5191.1,13628.5,4083.9,6422.8,10278.5,6523.8,-7790.9,-4201.1,690.6,-8218.5,-6044.8,-240.3,427.6,1843.7,930.9,635.5,1883.7,698.9,247.0,0.0,919.4,2767.6,10454.8,2599.0,1729.1,5053.5,3409.1,1283.6,2901.0,1913.2,907.4,3580.6,2187.3,293.4,970.3,575.6,376.5,1726.6,880.1,83.2,1311.6,542.1,767.8,1049.3,790.9,715.1,950.8,673.0,,40789.3,,
2020-09-03,34,2020-09-03,https://www.finance.gov.mv/public/attachments/dA4HaQmJeMCRItoRYT2mpjYxkBiTMF2Upxc4e6J3.pdf,3,"approved, last year, this year",8813.7,29921.6,16605.9,7100.7,17852.3,12145.7,1524.3,7058.3,3476.5,188.6,5214.9,1032.9,17133.5,35966.4,17573.0,11875.5,22337.9,13254.7,5258.0,13628.5,4318.4,6548.0,10278.5,6535.9,-7863.9,-4201.1,28.1,-8319.9,-6044.8,-967.1,456.0,1843.7,995.2,636.3,1883.7,787.7,247.0,0.0,1001.3,2808.8,10454.8,2733.3,1734.3,5053.5,3443.2,1321.4,2901.0,1948.3,907.8,3580.6,2267.1,294.2,970.3,587.4,376.5,1726.6,880.1,83.2,1311.6,542.1,772.8,1049.3,790.9,715.1,950.8,723.3,,,,
2020-09-10,35,2020-09-10,https://www.finance.gov.mv/public/attachments/hp9rELtvyZkBCw68YqAJPa9gXVqJYahHT638ltx6.pdf,3,"approved, last year, this year",9495.0,29921.6,16730.5,7703.5,17852.3,12235.3,1611.5,7058.3,3511.1,188.7,5214.9,1033.1,17288.3,35966.4,17795.0,11999.5,22337.9,13459.2,5288.8,13628.5,4335.9,6548.7,10278.5,6540.8,-7317.8,-4201.1,-58.2,-7793.3,-6044.8,-1064.5,475.5,1843.7,1006.3,678.7,1883.7,812.4,247.0,0.0,1001.3,2827.7,10454.8,2818.8,1747.5,5053.5,3466.6,1413.6,2901.0,1956.3,983.3,3580.6,2298.9,295.7,970.3,591.0,386.0,1726.6,888.7,108.2,1311.6,542.1,772.8,1049.3,871.0,728.0,950.8,743.9,,41242.1,,
2020-09-17,36,2020-09-17,https://www.finance.gov.mv/public/attachments/KAPDNKO3NdsVopJOfxNuZk07R6AOaxVpC614eBvA.pdf,3,"approved, last year, this year",9947.9,29921.6,17175.4,7751.2,17852.3,12437.8,1639.3,7058.3,3752.6,571.2,5214.9,1035.6,17816.0,35966.4,18101.1,12263.7,22337.9,13643.8,5552.3,13628.5,4457.3,6601.0,10278.5,6550.0,-7392.5,-4201.1,118.0,-7868.0,-6044.8,-925.8,475.5,1843.7,1043.8,683.5,1883.7,878.9,247.0,0.0,1004.6,2890.1,10454.8,2778.6,1748.9,5053.5,3482.8,1424.0,2901.0,1982.6,983.3,3580.6,2370.1,296.5,970.3,598.7,386.0,1726.6,929.6,108.2,1311.6,673.7,841.4,1049.3,912.1,766.7,950.8,743.9,,41140.9,,
2020-09-24,37,2020-09-24,https://www.finance.gov.mv/public/attachments/5DWoBOwwPuIM2rImfOukQKqIcpZ6i8w91X10FfYy.pdf,3,"approved, last year, this year",10213.9,29921.6,17597.1,7815.4,17852.3,12681.3,1834.5,7058.3,3928.6,579.0,5214.9,1037.7,18652.6,35966.4,18603.9,12736.2,22337.9,14093.4,5916.4,13628.5,4510.5,6824.0,10278.5,6806.6,-7865.0,-4201.1,54.8,-8438.7,-6044.8,-1006.8,573.7,1843.7,1061.5,730.8,1883.7,879.0,257.7,0.0,1054.6,3118.6,10454.8,2910.7,1765.2,5053.5,3580.7,1449.6,2901.0,2009.6,981.5,3580.6,2430.3,298.7,970.3,621.8,386.5,1726.6,1046.0,273.8,1311.6,673.7,841.4,1049.3,912.1,792.5,950.8,795.7,,41140.9,,
2020-10-01,38,2020-10-01,https://www.finance.gov.mv/public/attachments/HLMIB18CjQZpYrJVp2LR4zsCd27SJvUKISxHRqeY.pdf,3,"approved, last year, this year",10729.1,29921.6,18237.6,8280.0,17852.3,13081.1,1994.4,7058.3,4153.7,592.1,5214.9,1053.1,19526.4,35966.4,19478.0,13485.9,22337.9,14834.2,6040.5,13628.5,4643.8,7394.1,10278.5,7381.8,-8168.1,-4201.1,-172.3,-8797.3,-6044.8,-1240.4,629.2,1843.7,1068.2,730.8,1883.7,878.8,257.7,0.0,1128.8,3192.0,10454.8,3051.5,1808.8,5053.5,3744.3,1542.7,2901.0,2139.9,978.0,3580.6,2496.0,301.7,970.3,656.5,386.5,1726.6,1223.3,273.8,1311.6,673.7,867.0,1049.3,912.1,807.6,950.8,805.0,,45228.3,,
2020-10-08,39,2020-10-08,https://www.finance.gov.mv/public/attachments/lbAz1F58pOXWUuydJsNPwsljAv4hmMpshUYHFdQd.pdf,3,"approved, last year, this year",10818.5,29921.6,18439.7,8355.6,17852.3,13198.0,2007.8,7058.3,4235.9,592.1,5214.9,1055.0,19851.2,35966.4,20108.7,13662.7,22337.9,15146.7,6188.5,13628.5,4962.0,7406.3,10278.5,7393.7,-8391.0,-4201.1,-554.7,-9032.7,-6044.8,-1668.9,641.7,1843.7,1114.2,737.2,1883.7,964.5,263.1,0.0,1128.8,3207.3,10454.8,3087.1,1814.1,5053.5,3769.2,1570.6,2901.0,2153.6,1009.2,3580.6,2559.0,303.1,970.3,660.9,385.6,1726.6,1273.7,273.8,1311.6,673.7,894.1,1049.3,981.7,829.8,950.8,819.4,,45270.4,,
2020-10-15,40,2020-10-15,https://www.finance.gov.mv/public/attachments/MzigauKeybvN3JWAtauxp2h7Agf1kyMZJdj5YkTd.pdf,3,"approved, last year, this year",10975.6,29921.6,19489.6,8412.0,17852.3,13359.5,2108.5,7058.3,5125.0,592.1,5214.9,1057.1,20105.0,35966.4,20431.1,13852.3,22337.9,15401.9,6252.7,13628.5,5029.1,7407.0,10278.5,7393.6,-8486.3,-4201.1,214.6,-9129.3,-6044.8,-941.5,643.1,1843.7,1156.0,744.8,1883.7,968.8,263.1,0.0,1131.5,3245.9,10454.8,3151.1,1819.6,5053.5,3779.4,1590.1,2901.0,2165.4,1009.0,3580.6,2609.1,304.8,970.3,666.0,385.7,1726.6,1280.7,273.8,1311.6,1488.1,940.2,1049.3,1065.0,872.0,950.8,835.3,,45466.1,,
2020-10-22,41,2020-10-22,https://www.finance.gov.mv/public/attachments/3sqMuLuFwKALrQ1Vqi7EfnkHveTPq211oVarVXtS.pdf,3,"approved, last year, this year",11061.3,29921.6,19915.0,8479.1,17852.3,13581.3,2126.8,7058.3,5326.6,592.1,5214.9,1059.0,20770.2,35966.4,20884.6,14319.7,22337.9,15674.4,6450.5,13628.5,5210.2,7632.7,10278.5,7522.9,-9019.2,-4201.1,199.2,-9708.9,-6044.8,-969.6,689.7,1843.7,1168.9,793.5,1883.7,968.8,263.1,0.0,1163.4,3258.8,10454.8,3173.9,1837.6,5053.5,3852.0,1608.6,2901.0,2189.4,1009.0,3580.6,2693.3,306.6,970.3,685.3,385.7,1726.6,1288.0,273.8,1311.6,1638.1,986.2,1049.3,1065.0,890.8,950.8,870.4,,45466.1,,
2020-10-29,42,2020-10-29,https://www.finance.gov.mv/public/attachments/g6EmQYD4XqGwfYzhKwpKZDRjmQgbSJjwrn5z7X2m.pdf,3,"approved, last year, this year",11384.7,29921.6,20398.7,8770.4,17852.3,14039.8,2147.3,7058.3,5348.1,603.8,5214.9,1062.5,21713.4,35966.4,22027.6,15051.8,22337.9,16536.3,6661.5,13628.5,5491.3,8187.0,10278.5,8182.9,-9596.2,-4201.1,-425.6,-10328.7,-6044.8,-1628.9,732.4,1843.7,1203.4,793.5,1883.7,968.8,268.7,0.0,1176.5,3330.6,10454.8,3408.9,1841.9,5053.5,4043.6,1634.8,2901.0,2376.0,1262.0,3580.6,2745.4,307.8,970.3,707.1,385.7,1726.6,1288.0,273.8,1311.6,1638.1,998.3,1049.3,1065.0,906.9,950.8,913.2,,45613.5,,
2020-11-05,43,2020-11-05,https://www.finance.gov.mv/public/attachments/d7pDnunZ5bNRDQVII1xXc734wZEHrIZpyBTXry26.pdf,3,"approved, last year, this year",11891.6,29921.6,20588.6,9209.7,17852.3,14156.8,2183.5,7058.3,5414.9,635.1,5214.9,1068.5,21954.9,35966.4,22305.7,15191.4,22337.9,16698.8,6763.5,13628.5,5606.9,8203.0,10278.5,8211.0,-9313.1,-4201.1,-494.8,-10063.3,-6044.8,-1717.1,750.2,1843.7,1222.3,829.7,1883.7,1009.2,269.1,0.0,1250.9,3434.0,10454.8,3523.2,1872.2,5053.5,4059.6,1752.0,2901.0,2401.6,1528.9,3580.6,2812.3,312.0,970.3,712.6,385.8,1726.6,1288.0,273.8,1311.6,1638.1,1023.8,1049.3,1065.0,906.6,950.8,944.4,,45627.3,,
2020-11-12,44,2020-11-12,https://www.finance.gov.mv/public/attachments/itfFemj23lc3s1dtcqzzq1LukF7rLNAzgkEbp8gz.pdf,3,"approved, last year, this year",11892.5,29921.6,20754.5,9222.4,17852.3,14279.0,2172.2,7058.3,5455.4,634.5,5214.9,1071.2,22056.1,35966.4,22582.0,15282.4,22337.9,16862.2,6773.7,13628.5,5719.8,8214.2,10278.5,8211.5,-9413.8,-4201.1,-595.9,-10163.6,-6044.8,-1827.5,749.8,1843.7,1231.6,826.5,1883.7,1009.2,269.1,0.0,1250.9,3450.1,10454.8,3562.9,1873.5,5053.5,4074.5,1757.2,2901.0,2415.6,1533.1,3580.6,2875.4,312.1,970.3,717.0,361.4,1726.6,1288.0,273.8,1311.6,1638.1,1023.9,1049.3,1133.3,950.5,950.8,958.7,,45691.0,,
2020-11-19,45,2020-11-19,https://www.finance.gov.mv/public/attachments/NDBmTP7P1AqVg92DUnGIW0huCgpYeuAaqI1eNT45.pdf,3,"approved, last year, this year",12321.0,29921.6,21131.2,9361.8,17852.3,14560.5,2242.5,7058.3,5540.1,852.6,5214.9,1085.9,22730.6,35966.4,22933.7,15596.3,22337.9,17128.3,7134.3,13628.5,5805.5,8225.7,10278.5,8222.1,-9516.4,-4201.1,-557.1,-10409.7,-6044.8,-1802.5,893.3,1843.7,1245.4,828.3,1883.7,1021.7,269.5,0.0,1276.8,3764.1,10454.8,3638.0,1889.9,5053.5,4130.4,1781.5,2901.0,2439.3,1593.6,3580.6,2969.5,314.4,970.3,731.3,385.8,1726.6,1288.0,273.8,1311.6,1638.1,1023.9,1049.3,1169.5,968.0,950.8,976.5,,45691.0,,
2020-11-26,46,2020-11-26,https://www.finance.gov.mv/public/attachments/foK9WBgX5T1Agiv87EllvXhPYlORGWkXk7L62Uxh.pdf,3,"approved, last year, this year",12766.8,29921.6,21736.6,9740.1,17852.3,14967.0,2302.0,7058.3,5733.4,859.9,5214.9,1091.4,24000.5,35966.4,24673.5,16763.3,22337.9,18396.5,7237.2,13628.5,6277.0,8928.3,10278.5,9024.3,-10178.7,-4201.1,-1502.5,-11233.7,-6044.8,-2936.9,1055.0,1843.7,1434.4,833.0,1883.7,1021.7,273.0,0.0,1308.7,3831.8,10454.8,3524.7,1946.4,5053.5,4359.4,1834.8,2901.0,2507.9,1810.9,3580.6,3031.7,322.4,970.3,764.3,388.7,1726.6,1292.2,273.8,1311.6,1638.1,1057.0,1049.3,1169.5,1030.6,950.8,1083.1,,46000.9,,
2020-12-03,47,2020-12-03,https://www.finance.gov.mv/public/attachments/Lqc5pSDCmebW5EV9jMs1mn5vt3ALnovFfLo5XNZm.pdf,3,"approved, last year, this year",13097.0,29921.6,22154.0,10017.0,17852.3,15300.9,2355.4,7058.3,5814.9,859.7,5214.9,1093.2,24531.6,35966.4,25329.1,17173.1,22337.9,18636.5,7358.5,13628.5,6692.7,9024.9,10278.5,9046.1,-10178.3,-4201.1,-1728.2,-11434.6,-6044.8,-3175.2,1256.2,1843.7,1447.0,840.7,1883.7,1043.9,275.2,0.0,1312.7,3917.2,10454.8,4088.9,1998.9,5053.5,4484.6,1883.5,2901.0,2630.3,1978.4,3580.6,3089.8,327.4,970.3,784.9,388.7,1726.6,1305.8,274.7,1311.6,1638.1,1059.6,1049.3,1228.5,1032.9,950.8,1102.7,,46000.9,,
2020-12-10,48,2020-12-10,https://www.finance.gov.mv/public/attachments/tcZBojA6atO644Qny0Utjg06DE9x7Rn4WljJ8efO.pdf,3,"approved, last year, this year",13257.3,29921.6,22455.9,10128.4,17852.3,15494.4,2405.1,7058.3,5906.9,862.3,5214.9,1109.6,25077.8,35966.4,25530.0,17548.6,22337.9,18781.7,7529.2,13628.5,6748.3,9030.7,10278.5,9046.7,-10349.4,-4201.1,-1625.2,-11820.5,-6044.8,-3074.1,1471.1,1843.7,1448.9,840.7,1883.7,1062.5,275.2,0.0,1316.1,3941.2,10454.8,4128.1,2007.9,5053.5,4516.4,1905.3,2901.0,2651.9,2029.8,3580.6,3171.5,328.6,970.3,793.8,399.0,1726.6,1336.8,274.7,1311.6,1638.1,1086.1,1049.3,1242.8,1043.1,950.8,1132.9,,46177.5,,
2020-12-17,49,2020-12-17,https://www.finance.gov.mv/public/attachments/KuY2LsxzbRmps6acCiWbnuD5N5dgHdq1kpBLaMv6.pdf,3,"approved, last year, this year",13627.7,29921.6,22866.3,10229.9,17852.3,15697.8,2630.5,7058.3,6089.4,905.2,5214.9,1134.0,25455.8,35966.4,25853.9,17799.4,22337.9,19057.7,7656.3,13628.5,6796.2,9039.1,10278.5,9100.0,-10335.5,-4201.1,-1511.9,-11828.0,-6044.8,-2987.6,1492.5,1843.7,1475.7,880.7,1883.7,1116.5,277.0,0.0,1332.0,4029.5,10454.8,4168.4,2020.4,5053.5,4546.5,1944.1,2901.0,2669.6,2039.0,3580.6,3243.9,332.2,970.3,801.6,415.4,1726.6,1392.6,448.1,1311.6,1638.1,1132.3,1049.3,1281.1,1087.6,950.8,1133.0,,46177.5,,
2020-12-24,50,2020-12-24,https://www.finance.gov.mv/public/attachments/rRSupgI32LAPIIz7OyRMySmD4OjAF5VokDVbRBTQ.pdf,3,"approved, last year, this year",14020.0,29921.6,24010.5,10423.9,17852.3,16462.9,2924.8,7058.3,6456.4,844.5,5214.9,1155.2,26826.1,35966.4,27272.8,18915.2,22337.9,20242.6,7910.9,13628.5,7030.2,9819.8,10278.5,9824.8,-11312.2,-4201.1,-1774.1,-12806.2,-6044.8,-3262.4,1494.0,1843.7,1488.3,1180.7,1883.7,1124.5,282.2,0.0,1377.7,4144.9,10454.8,4245.9,2112.4,5053.5,4890.6,1999.0,2901.0,2840.2,2056.5,3580.6,3367.9,342.5,970.3,849.1,533.7,1726.6,1642.1,448.1,1311.6,1638.2,1159.8,1049.3,1281.2,1148.6,950.8,1217.0,,46339.6,,
2020-12-31,51,2020-12-31,https://www.finance.gov.mv/public/attachments/bvNz3SrkovUfHYMg1WaRylDYw0NeXACjg6msFt9r.pdf,3,"approved, last year, this year",14519.7,29921.6,24122.0,10684.7,17852.3,16530.5,3154.1,7058.3,6500.2,853.9,5214.9,1154.8,27337.9,35966.4,28944.3,19336.6,22337.9,21360.8,8001.3,13628.5,7583.4,9841.1,10278.5,9835.0,-11282.7,-4201.1,-3281.5,-12818.2,-6044.8,-4822.3,1535.5,1843.7,1540.8,1185.0,1883.7,1124.5,335.5,0.0,1385.2,4269.1,10454.8,4612.3,2208.3,5053.5,4903.4,2041.2,2901.0,2844.9,2056.5,3580.6,3412.3,349.5,970.3,850.6,647.6,1726.6,1654.2,448.1,1311.6,1638.2,1245.1,1049.3,1281.2,1207.1,950.8,1313.5,,46339.6,,
2021-01-07,1,2021-01-07,https://www.finance.gov.mv/public/attachments/BhPqtHvzKcIadpV9rCG0Ak71FbkrPtqaX0DCysS6.pdf,3,"approved, last year, this year",99.8,21128.5,160.9,53.2,10895.4,118.6,45.7,8019.1,41.6,0.2,2211.5,0.0,101.4,33431.5,247.9,100.1,21638.1,165.6,1.3,11793.4,82.2,2.1,10009.0,5.5,27.7,-9834.6,-5.3,-1.6,-12303.0,-87.0,29.3,2468.4,81.6,66.5,1469.9,52.3,1.9,0.0,0.0,0.0,10454.8,-0.0,23.0,2640.2,20.2,19.0,2036.2,15.7,0.0,2985.3,70.0,1.9,616.6,2.8,23.8,1897.7,8.4,0.0,756.2,0.0,0.0,888.5,70.8,0.0,717.8,0.0,,46707.4,,
2021-01-14,2,2021-01-14,https://www.finance.gov.mv/public/attachments/zwrhVyccTTfr8mpFLrHo9pCfo9LqzY7UhAaCoUix.pdf,3,"approved, last year, this year",246.6,21128.5,555.5,160.0,10895.4,393.8,85.5,8019.1,161.2,0.2,2211.5,0.9,256.4,33431.5,443.0,192.9,21638.1,281.7,63.5,11793.4,161.3,6.9,10009.0,30.5,21.0,-9834.6,206.0,-9.8,-12303.0,112.6,30.8,2468.4,93.4,67.8,1469.9,52.3,1.9,0.0,0.4,2.1,10454.8,7.2,29.9,2640.2,48.2,36.4,2036.2,29.2,0.0,2985.3,126.9,4.8,616.6,13.1,32.5,1897.7,30.1,0.0,756.2,0.0,46.7,888.5,70.8,0.0,717.8,0.0,,46707.4,,
2021-01-21,3,2021-01-21,https://www.finance.gov.mv/public/attachments/ab9w5HcARgF5aeNkXyeilZ66Yl0HlS6dOuXtZH2L.pdf,3,"approved, last year, this year",446.1,21128.5,1028.7,325.3,10895.4,738.2,117.5,8019.1,285.8,2.5,2211.5,4.5,644.0,33431.5,653.3,362.5,21638.1,451.4,281.4,11793.4,201.9,49.1,10009.0,70.7,-160.3,-9834.6,507.3,-197.9,-12303.0,375.3,37.6,2468.4,132.0,96.8,1469.9,89.8,1.9,0.0,39.8,39.0,10454.8,100.2,43.1,2640.2,136.6,73.6,2036.2,58.7,30.2,2985.3,187.6,12.6,616.6,38.7,41.8,1897.7,39.8,0.0,756.2,0.2,46.7,888.5,105.8,31.5,717.8,0.0,,46822.7,,
2021-01-28,4,2021-01-28,https://www.finance.gov.mv/public/attachments/sNQepGbwglklLMYXTcm1uDdTsPLE8OyaCnrTFExy.pdf,3,"approved, last year, this year",1453.6,21128.5,2119.2,1286.5,10895.4,1771.9,163.7,8019.1,336.4,2.5,2211.5,12.1,1455.1,33431.5,1560.7,1109.1,21638.1,1319.5,346.0,11793.4,241.2,696.2,10009.0,818.5,36.0,-9834.6,691.2,-1.5,-12303.0,558.6,37.6,2468.4,132.7,148.6,1469.9,89.8,23.0,0.0,65.2,77.6,10454.8,118.4,149.0,2640.2,513.7,435.5,2036.2,280.5,109.7,2985.3,252.1,50.8,616.6,84.4,52.3,1897.7,40.1,0.0,756.2,0.2,46.9,888.5,105.9,49.8,717.8,0.0,,46822.7,,
2021-02-04,5,2021-02-04,https://www.finance.gov.mv/public/attachments/uMMnDBZBczOmJX64BP5YEJiLKCligWGCPJZnty6n.pdf,3,"approved, last year, this year",2061.7,21128.5,2755.4,1851.3,10895.4,2281.0,206.8,8019.1,462.4,2.6,2211.5,13.6,1779.4,33431.5,1773.6,1359.4,21638.1,1509.4,420.0,11793.4,264.2,813.7,10009.0,832.5,340.5,-9834.6,1155.6,282.3,-12303.0,981.8,58.2,2468.4,173.7,161.1,1469.9,108.6,23.0,0.0,80.5,129.5,10454.8,140.5,229.7,2640.2,555.7,514.6,2036.2,303.5,193.1,2985.3,310.6,57.7,616.6,88.3,53.5,1897.7,40.2,0.0,756.2,0.2,46.9,888.5,130.9,74.9,717.8,22.4,,47422.9,,
2021-02-11,6,2021-02-11,https://www.finance.gov.mv/public/attachments/F8yuSN6XYQWPnewGIUiU09RtUzaY7cbPSjuVvwy5.pdf,3,"approved, last year, this year",2247.0,21128.5,3052.8,1981.9,10895.4,2494.6,261.5,8019.1,544.9,2.6,2211.5,14.7,2090.7,33431.5,2661.3,1545.2,21638.1,1749.6,545.6,11793.4,911.7,814.4,10009.0,833.5,214.5,-9834.6,565.3,156.3,-12303.0,391.5,58.2,2468.4,173.8,161.1,1469.9,108.6,23.0,0.0,83.0,197.7,10454.8,534.6,254.3,2640.2,579.8,542.9,2036.2,325.4,214.2,2985.3,381.3,66.9,616.6,94.9,57.2,1897.7,41.0,0.0,756.2,0.2,94.3,888.5,218.0,104.5,717.8,70.6,,47422.9,,
2021-02-18,7,2021-02-18,https://www.finance.gov.mv/public/attachments/HQrmCye1H6xM7V9mT9C3U2ApbP79AzgZtLA2M1it.pdf,3,"approved, last year, this year",2427.1,21128.5,3335.4,2102.4,10895.4,2717.9,321.3,8019.1,604.1,2.9,2211.5,16.7,2361.7,33431.5,2881.9,1669.0,21638.1,1919.7,692.6,11793.4,962.2,815.9,10009.0,840.6,128.3,-9834.6,676.1,65.4,-12303.0,453.5,62.9,2468.4,222.6,165.1,1469.9,126.2,23.0,0.0,138.8,279.1,10454.8,619.7,275.1,2640.2,607.4,570.6,2036.2,337.5,214.2,2985.3,449.5,73.9,616.6,110.3,61.6,1897.7,42.5,0.0,756.2,0.2,94.4,888.5,218.0,127.6,717.8,87.1,,47696.4,,
2021-02-25,8,2021-02-25,https://www.finance.gov.mv/public/attachments/ssDweaCtFKg82iK2G36Nkvw9ElwYPpmRyo8qUyre.pdf,3,"approved, last year, this year",2857.8,21128.5,3791.2,2478.7,10895.4,3128.1,375.4,8019.1,644.8,3.1,2211.5,21.1,3372.6,33431.5,3945.8,2540.0,21638.1,2869.0,832.7,11793.4,1076.8,1432.2,10009.0,1613.8,-376.3,-9834.6,68.0,-514.8,-12303.0,-154.6,138.5,2468.4,222.6,170.3,1469.9,126.2,23.0,0.0,138.4,366.7,10454.8,717.1,312.1,2640.2,843.9,817.9,2036.2,376.4,240.4,2985.3,521.4,101.1,616.6,147.2,62.5,1897.7,42.5,0.0,756.2,0.2,94.4,888.5,235.2,186.5,717.8,94.2,,47696.4,,
2021-03-04,9,2021-03-04,https://www.finance.gov.mv/public/attachments/FB8N9pTG3zDL4cn5hbpgtfeNUu7U8WKwkRlyaOZZ.pdf,3,"approved, last year, this year",3143.7,21128.5,4477.4,2748.8,10895.4,3738.6,390.4,8019.1,720.3,4.0,2211.5,21.8,3750.1,33431.5,4421.6,2862.2,21638.1,3132.8,887.9,11793.4,1288.8,1629.3,10009.0,1635.1,-467.9,-9834.6,307.7,-606.4,-12303.0,55.9,138.5,2468.4,251.8,170.3,1469.9,159.3,23.0,0.0,154.8,419.1,10454.8,934.7,383.5,2640.2,1184.8,992.5,2036.2,528.0,240.4,2985.3,590.4,120.3,616.6,188.6,63.4,1897.7,46.4,0.0,756.2,21.6,94.4,888.5,290.7,197.0,717.8,114.9,,,,
2021-03-11,10,2021-03-11,https://www.finance.gov.mv/public/attachments/6nlEuvuIXpKXb4nuvEEftZqNAKFFZElSmgegkgCU.pdf,3,"approved, last year, this year",3268.0,21128.5,4660.6,2835.5,10895.4,3852.8,427.4,8019.1,782.5,4.5,2211.5,28.3,3975.5,33431.5,4763.2,3017.0,21638.1,3333.2,958.5,11793.4,1430.1,1630.1,10009.0,1637.9,-548.9,-9834.6,185.7,-707.5,-12303.0,-102.7,158.6,2468.4,288.4,209.9,1469.9,300.5,58.0,0.0,157.6,443.7,10454.8,1020.9,427.7,2640.2,1192.7,1025.2,2036.2,541.8,240.4,2985.3,641.7,126.1,616.6,196.3,71.5,1897.7,60.1,0.0,756.2,21.6,167.6,888.5,313.2,211.3,717.8,167.3,,48066.8,,
2021-03-18,11,2021-03-18,https://www.finance.gov.mv/public/attachments/lOkiLcqwHCQc5rG9vy0aZBT3QYAUJ3ZuhLYNnQPs.pdf,3,"approved, last year, this year",3731.1,21128.5,5064.0,3155.6,10895.4,4123.8,565.2,8019.1,912.6,9.2,2211.5,31.4,4928.0,33431.5,5850.8,3640.2,21638.1,4198.8,1287.8,11793.4,1652.0,1656.9,10009.0,1984.8,-939.8,-9834.6,-414.6,-1196.8,-12303.0,-786.8,257.0,2468.4,372.2,223.5,1469.9,380.6,62.2,0.0,160.9,533.3,10454.8,1237.2,457.3,2640.2,1266.8,1063.2,2036.2,557.0,379.5,2985.3,708.7,139.2,616.6,209.5,110.6,1897.7,120.1,0.0,756.2,21.6,169.4,888.5,356.1,298.1,717.8,326.5,,48066.8,,
2021-03-25,12,2021-03-25,https://www.finance.gov.mv/public/attachments/WFCBtIQn51dC74tGIKXL7f7uSnsYH6gq27bmmrmF.pdf,3,"approved, last year, this year",4151.1,21128.5,5167.8,3398.1,10895.4,4213.6,741.9,8019.1,926.6,9.2,2211.5,31.4,5904.8,33431.5,6348.7,4466.3,21638.1,4681.9,1438.5,11793.4,1666.8,2294.6,10009.0,2346.5,-1493.7,-9834.6,-791.0,-1753.7,-12303.0,-1180.8,260.0,2468.4,389.9,237.6,1469.9,380.6,62.2,0.0,160.9,590.5,10454.8,1250.7,494.1,2640.2,1289.4,1237.1,2036.2,560.9,379.3,2985.3,760.6,160.8,616.6,213.2,254.4,1897.7,129.7,0.0,756.2,21.6,169.4,888.5,376.1,330.9,717.8,328.4,,48066.8,,
2021-04-01,13,2021-04-01,https://www.finance.gov.mv/public/attachments/GO0gvqWJEcDyMfimLvdkTXcLEcXnFKzoXz4wOwUF.pdf,3,"approved, last year, this year",5006.9,21128.5,5588.9,3995.1,10895.4,4484.3,955.8,8019.1,1002.3,55.0,2211.5,111.7,6575.9,33431.5,6709.7,4853.5,21638.1,4986.4,1722.4,11793.4,1723.3,2469.4,10009.0,2459.0,-1295.2,-9834.6,-720.9,-1569.0,-12303.0,-1120.8,273.8,2468.4,399.9,293.2,1469.9,380.6,62.2,0.0,381.0,723.6,10454.8,1292.2,605.8,2640.2,1433.3,1596.1,2036.2,634.6,408.2,2985.3,789.6,215.0,616.6,236.3,426.4,1897.7,174.2,0.0,756.2,21.6,182.0,888.5,376.1,363.8,717.8,335.5,,48233.5,,
2021-04-08,14,2021-04-08,https://www.finance.gov.mv/public/attachments/J6TBwYKeybUT78kRZlB4WA2EtxfQ1pL9lNYWQ3nZ.pdf,3,"approved, last year, this year",5076.4,21128.5,5768.8,4026.0,10895.4,4596.6,995.1,8019.1,1066.3,55.0,2211.5,115.2,7093.8,33431.5,7161.5,5274.3,21638.1,5141.2,1819.5,11793.4,2020.3,2589.7,10009.0,2463.9,-1681.5,-9834.6,-992.8,-2017.5,-12303.0,-1392.7,336.0,2468.4,399.9,293.4,1469.9,380.6,92.1,0.0,388.4,784.5,10454.8,1307.4,619.2,2640.2,1485.3,1605.9,2036.2,650.1,408.2,2985.3,821.9,218.5,616.6,246.8,442.7,1897.7,220.6,0.0,756.2,29.1,245.3,888.5,426.6,400.7,717.8,336.8,,48336.3,,
2021-04-15,15,2021-04-15,https://www.finance.gov.mv/public/attachments/QzNj9r8KTmWV13HfPUUaI1W1iK4ZYWcxBIFaa9ei.pdf,3,"approved, last year, this year",5441.9,21128.5,6009.3,4320.4,10895.4,4748.9,1066.1,8019.1,1151.7,55.0,2211.5,117.8,7228.4,33431.5,7491.5,5395.7,21638.1,5409.5,1832.7,11793.4,2082.0,2591.8,10009.0,2562.2,-1450.6,-9834.6,-1057.4,-1786.6,-12303.0,-1482.2,336.0,2468.4,424.8,293.4,1469.9,380.6,92.1,0.0,396.2,797.7,10454.8,1372.3,629.2,2640.2,1507.2,1628.2,2036.2,697.9,594.3,2985.3,867.6,224.8,616.6,253.1,444.2,1897.7,277.1,0.0,756.2,29.1,290.2,888.5,470.6,439.4,717.8,384.5,,48336.3,,
2021-04-22,16,2021-04-22,https://www.finance.gov.mv/public/attachments/TTttO4uLa8GLsiXMxABvk22GNvAAe7Qy256f31TL.pdf,3,"approved, last year, this year",5701.7,21128.5,6116.1,4530.2,10895.4,4825.7,1110.4,8019.1,1180.6,60.5,2211.5,118.9,7574.7,33431.5,7749.1,5655.0,21638.1,5524.0,1919.7,11793.4,2225.1,2644.1,10009.0,2589.7,-1481.0,-9834.6,-1190.6,-1873.0,-12303.0,-1633.0,392.0,2468.4,442.4,388.5,1469.9,458.7,103.5,0.0,396.4,844.4,10454.8,1443.6,643.6,2640.2,1528.8,1646.6,2036.2,702.0,738.1,2985.3,891.1,231.9,616.6,258.9,447.8,1897.7,291.6,0.0,756.2,29.1,301.7,888.5,506.5,454.3,717.8,403.5,,48296.6,,
2021-04-29,17,2021-04-29,https://www.finance.gov.mv/public/attachments/Ot3aJ05R6WnprxJvMkpssuwEDqR1W0NdLPIQPRhH.pdf,3,"approved, last year, this year",6113.3,21128.5,6247.3,4880.8,10895.4,4928.8,1169.9,8019.1,1204.5,62.0,2211.5,123.1,8875.6,33431.5,8739.6,6738.4,21638.1,6448.7,2137.2,11793.4,2290.8,3416.2,10009.0,3342.3,-2298.7,-9834.6,-2042.0,-2762.3,-12303.0,-2492.3,463.6,2468.4,450.3,388.5,1469.9,460.5,103.9,0.0,397.9,990.7,10454.8,1455.2,702.1,2640.2,1563.4,1844.1,2036.2,741.0,778.5,2985.3,899.4,259.2,616.6,271.9,447.8,1897.7,307.2,0.0,756.2,29.1,316.7,888.5,506.6,537.8,717.8,411.8,,48560.9,,
2021-05-06,18,2021-05-06,https://www.finance.gov.mv/public/attachments/NiNMzsU7ZIy5dVlL9Uu1IQsrsS5w4vlgqubnOtnW.pdf,3,"approved, last year, this year",6858.9,21128.5,6315.5,5418.0,10895.4,4992.1,1371.0,8019.1,1209.4,69.1,2211.5,123.1,9171.1,33431.5,9370.9,6905.7,21638.1,6604.0,2265.4,11793.4,2767.0,3442.5,10009.0,3357.3,-1829.6,-9834.6,-2586.2,-2312.2,-12303.0,-3055.4,482.6,2468.4,469.2,418.5,1469.9,492.8,110.3,0.0,410.7,1113.1,10454.8,1731.7,2115.4,2640.2,1580.2,851.5,2036.2,762.3,855.4,2985.3,921.5,290.0,616.6,274.3,538.1,1897.7,307.2,0.0,756.2,29.1,345.4,888.5,506.6,563.7,717.8,420.3,,48884.5,,
2021-05-13,19,2021-05-13,https://www.finance.gov.mv/public/attachments/C77yIWtsOrcQaUCs0xYuENZ3aYKGPioXlEzmANZu.pdf,3,"approved, last year, this year",7056.6,21128.5,6551.8,5481.5,10895.4,5051.9,1504.1,8019.1,1387.8,69.1,2211.5,124.4,9478.3,33431.5,9747.3,7147.2,21638.1,6757.2,2331.2,11793.4,2990.0,3443.2,10009.0,3357.9,-1908.7,-9834.6,-2697.9,-2421.7,-12303.0,-3195.5,513.0,2468.4,497.6,418.5,1469.9,492.8,110.3,0.0,412.9,1138.6,10454.8,1803.7,2116.2,2640.2,1609.9,856.1,2036.2,768.8,910.1,2985.3,935.7,290.1,616.6,277.9,538.1,1897.7,307.2,104.6,756.2,29.1,435.6,888.5,554.9,576.2,717.8,439.6,,48884.5,,
2021-05-20,20,2021-05-20,https://www.finance.gov.mv/public/attachments/fka7pzMxUAtmVMReHrahUZySkee0eR5Y2H91IdSx.pdf,3,"approved, last year, this year",7102.3,21128.5,6474.4,5500.7,10895.4,5105.3,1529.7,8019.1,1249.1,69.9,2211.5,132.6,9754.0,33431.5,10219.3,7347.1,21638.1,7187.4,2406.9,11793.4,3031.9,3460.8,10009.0,3503.1,-2131.8,-9834.6,-3097.5,-2651.7,-12303.0,-3744.8,519.8,2468.4,647.3,424.9,1469.9,499.2,133.0,0.0,419.6,1193.5,10454.8,1849.5,2117.9,2640.2,1615.5,860.0,2036.2,788.6,910.1,2985.3,944.0,290.5,616.6,279.1,538.1,1897.7,314.1,104.6,756.2,29.1,435.6,888.5,578.9,607.9,717.8,452.8,,49251.1,,
2021-05-27,21,2021-05-27,https://www.finance.gov.mv/public/attachments/wOyocnllpiFnyWug518rw7ERZIrOFc7Xu5O2ScpB.pdf,3,"approved, last year, this year",7546.8,21128.5,6515.3,5873.8,10895.4,5124.0,1600.4,8019.1,1268.8,70.4,2211.5,135.0,10719.7,33431.5,10993.9,8224.2,21638.1,7904.4,2495.5,11793.4,3089.5,4213.1,10009.0,4101.7,-2618.2,-9834.6,-3818.9,-3172.8,-12303.0,-4478.6,554.7,2468.4,659.7,429.4,1469.9,499.2,131.1,0.0,428.7,1238.0,10454.8,1876.1,2300.3,2640.2,1616.1,918.5,2036.2,795.7,910.1,2985.3,951.2,322.9,616.6,279.9,547.9,1897.7,319.1,104.6,756.2,29.1,435.7,888.5,598.1,625.7,717.8,468.1,,49461.9,,
2021-06-03,22,2021-06-03,https://www.finance.gov.mv/public/attachments/cQCWkPEBNiKHWinau7WzVYbYhMOMy9tbe8eAd0Mw.pdf,3,"approved, last year, this year",7879.7,21128.5,6619.0,6173.7,10895.4,5188.6,1631.2,8019.1,1307.5,70.6,2211.5,135.4,11338.3,33431.5,11449.4,8592.6,21638.1,8034.3,2745.7,11793.4,3415.1,4288.0,10009.0,4128.4,-2723.8,-9834.6,-4150.7,-3458.6,-12303.0,-4830.3,734.8,2468.4,679.6,429.4,1469.9,499.2,159.2,0.0,428.7,1320.2,10454.8,2049.5,2484.6,2640.2,1622.4,976.9,2036.2,822.6,947.7,2985.3,962.3,340.3,616.6,282.0,552.2,1897.7,337.1,104.6,756.2,29.1,435.7,888.5,598.1,637.5,717.8,471.3,,49461.9,,
2021-06-10,23,2021-06-10,https://www.finance.gov.mv/public/attachments/XdBwMSeUYlkHNEDQY9TkR5WJAj6fc8M7JhXrUwk6.pdf,3,"approved, last year, this year",8014.5,21128.5,6891.1,6273.8,10895.4,5242.6,1665.6,8019.1,1521.9,70.7,2211.5,139.1,11652.4,33431.5,11680.8,8876.0,21638.1,8162.8,2776.4,11793.4,3518.0,4300.4,10009.0,4130.1,-2888.4,-9834.6,-4096.0,-3637.9,-12303.0,-4789.7,749.6,2468.4,693.8,436.2,1469.9,539.4,159.2,0.0,438.1,1340.6,10454.8,2114.5,2505.6,2640.2,1633.1,999.2,2036.2,841.8,991.4,2985.3,982.7,342.9,616.6,282.5,558.2,1897.7,345.8,104.6,756.2,29.1,529.3,888.5,598.4,672.8,717.8,491.2,,49332.5,,
2021-06-17,24,2021-06-17,https://www.finance.gov.mv/public/attachments/NlDp8m7u2Lf58e0QzXseOxAHG32wE1s4StmKytLS.pdf,3,"approved, last year, this year",8258.9,21128.5,6996.4,6446.9,10895.4,5297.4,1736.9,8019.1,1572.3,70.7,2211.5,139.1,12022.1,33431.5,12127.6,9155.4,21638.1,8357.9,2866.8,11793.4,3769.7,4349.9,10009.0,4147.5,-3013.3,-9834.6,-4391.9,-3763.2,-12303.0,-5131.2,749.9,2468.4,739.4,444.0,1469.9,539.4,159.2,0.0,443.2,1381.6,10454.8,2253.7,2558.2,2640.2,1638.8,1025.8,2036.2,857.7,1040.0,2985.3,992.1,356.0,616.6,283.2,583.4,1897.7,347.7,114.5,756.2,29.1,592.6,888.5,598.4,701.7,717.8,512.1,,49379.0,,
2021-06-24,25,2021-06-24,https://www.finance.gov.mv/public/attachments/9ELj8PPwRs6f937uSqhcG0zc1go5fk5jOhrHUmLX.pdf,3,"approved, last year, this year",8672.8,21128.5,7070.7,6670.7,10895.4,5348.3,1928.2,8019.1,1595.4,72.6,2211.5,140.8,12566.7,33431.5,12546.2,9572.5,21638.1,8661.7,2994.2,11793.4,3884.5,4580.6,10009.0,4311.3,-3138.4,-9834.6,-4733.6,-3893.9,-12303.0,-5475.5,755.5,2468.4,741.9,486.1,1469.9,542.5,159.2,0.0,443.2,1438.9,10454.8,2312.2,2668.3,2640.2,1648.6,1057.1,2036.2,879.3,1052.8,2985.3,1002.8,373.3,616.6,283.4,726.1,1897.7,355.7,119.5,756.2,29.1,592.6,888.5,603.9,739.1,717.8,528.8,,49251.5,,
2021-07-01,26,2021-07-01,https://www.finance.gov.mv/public/attachments/KhpKVp8HHRustyaJCw3NqKd3KW1nBaGJWRi6HQxn.pdf,3,"approved, last year, this year",9159.2,21128.5,7427.2,6909.5,10895.4,5490.8,2174.4,8019.1,2006.5,73.7,2211.5,66.6,13445.0,33431.5,13545.1,10365.1,21638.1,9432.0,3080.0,11793.4,4113.1,5173.0,10009.0,4941.7,-3501.9,-9834.6,-5366.0,-4285.9,-12303.0,-6117.9,784.0,2468.4,751.9,540.9,1469.9,542.5,159.2,0.0,444.9,1487.1,10454.8,2499.3,2790.5,2640.2,1655.7,1131.6,2036.2,895.3,1051.6,2985.3,1110.8,396.3,616.6,284.1,921.1,1897.7,368.6,119.7,756.2,279.4,626.8,888.5,613.9,763.9,717.8,547.7,,49251.5,,
2021-07-08,27,2021-07-08,https://www.finance.gov.mv/public/attachments/toa5afXUIUiHvqeMjBXAaJCecCLGLdy12Rhe6rD6.pdf,3,"approved, last year, this year",9462.0,21128.5,7908.5,7082.4,10895.4,5560.7,2292.2,8019.1,2029.7,84.7,2211.5,454.2,14212.1,33431.5,13778.6,10775.5,21638.1,9593.7,3436.6,11793.4,4184.9,5185.9,10009.0,4938.5,-3900.5,-9834.6,-5090.2,-4750.2,-12303.0,-5870.1,849.7,2468.4,780.0,561.6,1469.9,599.5,159.2,0.0,445.2,1533.4,10454.8,2515.7,2815.3,2640.2,1661.3,1201.0,2036.2,936.9,1085.3,2985.3,1123.4,403.5,616.6,284.6,1008.0,1897.7,368.6,119.5,756.2,279.5,757.5,888.5,614.0,806.2,717.8,584.7,,49922.1,,
2021-07-15,28,2021-07-15,https://www.finance.gov.mv/public/attachments/ZXf1zk51Wyda0IgiDIPcfX2kQosKE0bH9kw5qNKi.pdf,3,"approved, last year, this year",9706.7,21128.5,8003.4,7266.4,10895.4,5617.1,2350.5,8019.1,2068.9,87.0,2211.5,454.6,15393.0,33431.5,14013.8,11805.1,21638.1,9684.2,3588.0,11793.4,4329.5,5916.1,10009.0,4938.9,-4815.5,-9834.6,-5158.6,-5686.3,-12303.0,-6010.4,870.8,2468.4,851.8,622.8,1469.9,613.5,159.2,0.0,445.2,1593.1,10454.8,2548.9,2835.6,2640.2,1665.8,1241.4,2036.2,960.1,1142.7,2985.3,1142.1,408.0,616.6,284.8,1035.1,1897.7,373.8,119.5,756.2,279.5,782.6,888.5,614.0,850.9,717.8,597.3,,50773.5,,
2021-07-22,29,2021-07-22,https://www.finance.gov.mv/public/attachments/rwnEKuHstSpOGr00usAkIPAAMDniVKxsxr0GFAks.pdf,3,"approved, last year, this year",9914.3,21128.5,8364.2,7435.9,10895.4,5855.7,2388.4,8019.1,2171.1,87.2,2211.5,474.6,15198.6,33431.5,14914.7,11609.5,21638.1,10206.3,3589.1,11793.4,4708.4,5919.8,10009.0,5228.9,-4413.4,-9834.6,-5697.7,-5284.2,-12303.0,-6550.6,870.9,2468.4,852.9,626.9,1469.9,628.0,159.2,0.0,445.2,1593.3,10454.8,2584.9,2889.0,2640.2,1683.8,1251.3,2036.2,1013.2,1224.6,2985.3,1150.8,413.0,616.6,287.7,1035.1,1897.7,374.0,119.5,756.2,279.5,782.6,888.5,674.1,848.5,717.8,633.3,,50773.5,,
2021-07-29,30,,https://www.finance.gov.mv/public/attachments/9snj2EPYHkzo44K5QgVK1Y6c2sZxmdhgcUQvRJpA.pdf,3,"approved, last year, this year",9942.3,21128.5,8673.6,7458.8,10895.4,6132.7,2393.4,8019.1,2202.8,87.2,2211.5,475.3,15206.8,33431.5,15557.8,11617.3,21638.1,10750.7,3589.5,11793.4,4807.2,5920.6,10009.0,5712.5,-4393.6,-9834.6,-6031.3,-5264.5,-12303.0,-6884.2,870.9,2468.4,852.9,626.9,1469.9,628.0,159.2,0.0,445.2,1593.3,10454.8,2602.2,2889.2,2640.2,1703.9,1273.8,2036.2,1131.4,1224.6,2985.3,1164.7,413.0,616.6,289.4,1035.1,1897.7,374.0,119.5,756.2,289.6,782.6,888.5,674.1,848.5,717.8,646.0,,50773.5,,
2021-08-05,31,2021-08-05,https://www.finance.gov.mv/public/attachments/wUetYeO5Ry4Ms4Yf3MXUOxXaxVaVcIqDWZrkxaVI.pdf,3,"approved, last year, this year",10597.0,21128.5,9164.6,7818.5,10895.4,6613.9,2423.7,8019.1,2212.3,351.9,2211.5,475.7,15827.5,33431.5,15708.8,12211.0,21638.1,10778.5,3616.5,11793.4,4930.3,5970.3,10009.0,5719.0,-4344.1,-9834.6,-5686.0,-5230.5,-12303.0,-6544.1,886.4,2468.4,858.2,640.2,1469.9,628.0,159.2,0.0,445.8,1624.9,10454.8,2725.1,3016.6,2640.2,1707.7,1417.5,2036.2,1197.7,1276.9,2985.3,1170.0,439.2,616.6,289.6,1040.2,1897.7,374.0,119.5,756.2,289.6,806.6,888.5,674.1,902.3,717.8,647.3,,50581.1,,
2021-08-12,32,2021-08-12,https://www.finance.gov.mv/public/attachments/50YStyOncVMjfsrL1bX12CO9X1CdKpbjbrP0Gi2W.pdf,3,"approved, last year, this year",10781.1,21128.5,9556.2,7917.7,10895.4,6744.8,2477.6,8019.1,2467.8,382.7,2211.5,480.6,16086.4,33431.5,16268.8,12369.7,21638.1,11011.2,3716.7,11793.4,5257.5,5974.8,10009.0,5731.3,-4418.0,-9834.6,-5841.7,-5305.2,-12303.0,-6712.6,887.2,2468.4,870.9,640.2,1469.9,634.3,159.9,0.0,449.8,1687.5,10454.8,2895.3,3026.2,2640.2,1716.2,1438.3,2036.2,1240.2,1300.2,2985.3,1178.0,446.1,616.6,292.0,1043.8,1897.7,374.3,119.5,756.2,437.9,806.6,888.5,744.8,927.2,717.8,672.8,,50581.1,,
2021-08-19,33,2021-08-19,https://www.finance.gov.mv/public/attachments/60QEGsO0pQLiUelV3Hdd6zQisJHYOu7ptAXvcXFU.pdf,3,"approved, last year, this year",11138.6,21128.5,10214.0,8211.2,10895.4,7361.3,2537.3,8019.1,2507.0,386.1,2211.5,484.5,16408.1,33431.5,17011.9,12567.9,21638.1,11323.9,3840.2,11793.4,5688.0,5977.3,10009.0,5850.3,-4369.8,-9834.6,-5846.2,-5269.5,-12303.0,-6797.9,899.7,2468.4,951.7,643.6,1469.9,636.8,214.0,0.0,449.8,1788.8,10454.8,3172.1,3044.1,2640.2,1722.8,1464.3,2036.2,1258.6,1399.0,2985.3,1320.9,454.9,616.6,293.0,1047.3,1897.7,376.7,119.5,756.2,437.9,856.0,888.5,744.8,957.5,717.8,674.2,,51015.9,,
2021-08-26,34,2021-08-26,https://www.finance.gov.mv/public/attachments/AcG0K6Hp3r5qx3llhVSuSUq9WMkOH5t4Dg0pWiG7.pdf,3,"approved, last year, this year",11268.0,21128.5,10546.6,8303.6,10895.4,7477.9,2573.9,8019.1,2528.5,387.1,2211.5,678.6,18149.0,33431.5,18364.1,14199.5,21638.1,12562.0,3949.5,11793.4,5802.1,6465.9,10009.0,6333.3,-5907.1,-9834.6,-6862.9,-6881.0,-12303.0,-7817.5,973.9,2468.4,954.7,660.6,1469.9,639.0,233.2,0.0,465.9,1868.2,10454.8,3261.9,3087.1,2640.2,1731.0,1477.5,2036.2,1302.7,1418.1,2985.3,1335.1,460.9,616.6,293.9,1051.6,1897.7,376.7,119.5,756.2,438.1,856.7,888.5,767.8,983.5,717.8,699.5,,51409.7,,
2021-09-02,35,2021-09-02,https://www.finance.gov.mv/public/attachments/Ofp3DD63S958HoszA1jDqAg0zQPZOoYioIcQBHvJ.pdf,3,"approved, last year, this year",12111.9,21128.5,11086.5,8933.9,10895.4,7924.2,2784.8,8019.1,2620.0,389.7,2211.5,680.4,19027.1,33431.5,19054.4,14862.9,21638.1,13120.1,4164.3,11793.4,5934.3,6781.2,10009.0,6505.3,-5925.8,-9834.6,-6997.7,-6915.2,-12303.0,-7967.9,989.4,2468.4,970.1,667.3,1469.9,639.0,233.2,0.0,466.6,1973.3,10454.8,3350.9,3331.4,2640.2,1741.2,1642.3,2036.2,1398.2,1417.1,2985.3,1343.5,502.9,616.6,294.8,1070.5,1897.7,381.6,257.5,756.2,213.1,812.3,888.5,772.8,1006.4,717.8,709.9,,52990.9,,
2021-09-09,36,2021-09-09,https://www.finance.gov.mv/public/attachments/bcbebFym4ALbBoYReXvnXnmsFuIsl8wwaEiL4zOu.pdf,3,"approved, last year, this year",12208.0,21128.5,11309.6,8957.5,10895.4,8098.2,2857.0,8019.1,2668.1,390.0,2211.5,681.3,19326.7,33431.5,19206.4,15108.9,21638.1,13252.0,4217.8,11793.4,5954.4,6781.9,10009.0,6507.0,-6046.8,-9834.6,-6907.2,-7118.7,-12303.0,-7896.8,1072.0,2468.4,989.6,690.4,1469.9,678.8,233.4,0.0,302.6,2015.1,10454.8,3372.7,3333.8,2640.2,1747.0,1651.1,2036.2,1415.0,1417.8,2985.3,1357.5,506.5,616.6,295.4,1090.9,1897.7,386.2,284.8,756.2,213.1,823.8,888.5,772.8,1040.1,717.8,724.7,,56065.58,,
2021-09-16,37,2021-09-16,https://www.finance.gov.mv/public/attachments/VaU9lLxVjJ7qQW2W8qUsKKDiRqQeDqnX7j7ABgNJ.pdf,3,"approved, last year, this year",12535.1,21128.5,11310.4,9151.3,10895.4,8098.2,2987.2,8019.1,2669.0,392.6,2211.5,681.3,20219.4,33431.5,19206.4,15464.5,21638.1,13252.0,4754.9,11793.4,5954.4,6782.9,10009.0,6507.0,-6503.5,-9834.6,-6906.4,-7684.2,-12303.0,-7896.0,1180.7,2468.4,989.6,704.5,1469.9,678.8,244.2,0.0,306.7,2207.0,10454.8,3436.0,3352.3,2640.2,1747.0,1663.2,2036.2,1415.0,1485.0,2985.3,1357.5,515.7,616.6,295.4,1151.7,1897.7,386.2,284.7,756.2,214.0,871.8,888.5,772.8,1080.2,717.8,724.7,,56310.66,,
2021-09-23,38,2021-09-23,https://www.finance.gov.mv/public/attachments/flJKD2ybMDmdFt6wWFyH5JVrZ2Nk1xDwLhOmOKsG.pdf,3,"approved, last year, this year",12907.7,21128.5,11562.5,9361.2,10895.4,8216.6,3147.7,8019.1,2811.8,394.4,2211.5,708.0,20718.5,33431.5,20298.4,15863.4,21638.1,13758.4,4855.1,11793.4,6539.9,6959.9,10009.0,6596.1,-6581.8,-9834.6,-7698.3,-7810.8,-12303.0,-8735.9,1229.0,2468.4,1037.6,812.0,1469.9,742.5,244.2,0.0,306.7,2245.2,10454.8,3615.1,3409.9,2640.2,1752.3,1691.3,2036.2,1447.0,1552.4,2985.3,1378.1,525.4,616.6,298.1,1237.4,1897.7,386.2,298.6,756.2,214.0,871.9,888.5,841.4,1102.8,717.8,769.9,,56382.28,,
2021-09-30,39,2021-09-30,https://www.finance.gov.mv/public/attachments/oCkqpFlA2MzCnD7EDGqRpU6gD3zuZp8KMfXi3FNj.pdf,3,"approved, last year, this year",14678.0,21128.5,12131.3,10704.6,10895.4,8709.5,3486.6,8019.1,2858.4,482.3,2211.5,736.8,21815.9,33431.5,21487.7,16751.2,21638.1,14721.1,5064.7,11793.4,6766.6,7616.6,10009.0,7346.7,-5880.7,-9834.6,-8288.4,-7137.9,-12303.0,-9356.4,1257.1,2468.4,1068.1,815.4,1469.9,742.5,244.2,0.0,319.8,2338.1,10454.8,3789.6,3675.3,2640.2,1805.6,1825.5,2036.2,1540.1,1832.8,2985.3,1385.8,575.1,616.6,301.7,1484.3,1897.7,386.7,325.9,756.2,214.0,893.9,888.5,867.0,1110.2,717.8,801.1,,,,
2021-10-07,40,2021-10-07,https://www.finance.gov.mv/public/attachments/xFHyYrserdJwBmV9bhxdkfExYzx9PIjZNYRh2wwb.pdf,3,"approved, last year, this year",14971.9,21128.5,12473.5,10917.9,10895.4,9014.0,3567.1,8019.1,2890.2,482.3,2211.5,742.8,22606.3,33431.5,21808.0,17412.4,21638.1,14863.4,5193.8,11793.4,6944.6,7617.5,10009.0,7351.3,-5972.0,-9834.6,-8252.6,-7634.4,-12303.0,-9334.5,1662.4,2468.4,1081.9,823.2,1469.9,756.5,244.2,0.0,319.8,2452.7,10454.8,3840.6,3679.2,2640.2,1812.7,1832.7,2036.2,1574.0,1984.1,2985.3,1632.5,576.5,616.6,302.8,1500.5,1897.7,385.8,330.6,756.2,214.0,919.9,888.5,894.1,1110.2,717.8,828.7,,56399.5,,
2021-10-14,41,2021-10-14,https://www.finance.gov.mv/public/attachments/8XDUiGrmNTQuCI4ffoELgkskVeBIRzKooIEvW3iY.pdf,3,"approved, last year, this year",15180.4,21128.5,12623.6,11018.1,10895.4,9094.0,3671.3,8019.1,2932.3,485.9,2211.5,770.4,22915.9,33431.5,22171.5,17637.0,21638.1,15161.2,5278.9,11793.4,7010.2,7618.5,10009.0,7363.0,-6019.8,-9834.6,-8412.4,-7735.5,-12303.0,-9547.9,1715.7,2468.4,1135.5,840.7,1469.9,756.5,282.4,0.0,336.0,2532.7,10454.8,3878.1,3697.3,2640.2,1819.7,1854.8,2036.2,1589.5,1995.0,2985.3,1663.0,583.3,616.6,304.8,1518.3,1897.7,385.9,330.6,756.2,214.0,931.4,888.5,894.1,1137.2,717.8,858.3,,56458.3,,
2021-10-21,42,2021-10-21,https://www.finance.gov.mv/public/attachments/irblN4eg9qSKOPDWFodsxZkcgW4HxGzNcBnQvLrg.pdf,3,"approved, last year, this year",15587.2,21128.5,12779.5,11269.4,10895.4,9209.3,3813.2,8019.1,2957.1,501.0,2211.5,786.0,24419.7,33431.5,22559.6,17917.1,21638.1,15509.3,6502.6,11793.4,7050.3,7639.9,10009.0,7425.2,-7115.3,-9834.6,-8585.0,-8832.5,-12303.0,-9780.0,1717.3,2468.4,1195.0,874.5,1469.9,811.5,351.1,0.0,336.7,2615.3,10454.8,3891.9,3742.2,2640.2,1822.7,1881.5,2036.2,1604.7,2081.8,2985.3,1727.9,591.1,616.6,305.8,1548.6,1897.7,385.9,357.9,756.2,214.0,981.9,888.5,986.2,1196.6,717.8,889.3,,56649.5,,
2021-10-28,43,2021-10-28,https://www.finance.gov.mv/public/attachments/2WxttydiNfMBHTIo1lW7r2kKKodL3YfMwzelVYoN.pdf,3,"approved, last year, this year",16092.1,21128.5,13025.2,11726.5,10895.4,9435.1,3844.3,8019.1,2971.9,517.6,2211.5,791.1,25510.4,33431.5,23709.0,18850.3,21638.1,16438.8,6660.1,11793.4,7270.2,8336.3,10009.0,8140.6,-7700.6,-9834.6,-9445.2,-9418.2,-12303.0,-10683.8,1717.7,2468.4,1238.5,876.3,1469.9,811.5,351.1,0.0,337.5,2615.3,10454.8,3968.5,3996.0,2640.2,1863.4,2037.1,2036.2,1727.1,2081.8,2985.3,1771.6,628.8,616.6,310.4,1549.4,1897.7,385.9,357.9,756.2,214.0,1006.9,888.5,998.3,1206.8,717.8,905.5,,,,
2021-11-04,45,2021-11-04,https://www.finance.gov.mv/public/attachments/Vju2FqleyqEEfH2i1OPKkldROYMdphyVLpmb34M6.pdf,3,"approved, last year, this year",16201.5,21128.5,13301.6,11816.8,10895.4,9554.5,3861.4,8019.1,3124.8,519.1,2211.5,795.2,25922.7,33431.5,23907.3,19202.2,21638.1,16542.7,6720.5,11793.4,7364.6,8458.4,10009.0,8148.5,-7984.9,-9834.6,-9349.3,-9721.3,-12303.0,-10605.6,1736.4,2468.4,1256.3,957.7,1469.9,841.7,351.1,0.0,337.5,3907.8,10454.8,4054.7,4033.3,2640.2,1868.4,2078.6,2036.2,1748.7,2081.8,2985.3,1851.7,634.5,616.6,311.6,1552.6,1897.7,386.0,357.9,756.2,324.0,1006.9,888.5,998.4,1244.7,717.8,905.5,,,,
2021-11-11,46,2021-11-11,https://www.finance.gov.mv/public/attachments/PW33FeXtd5F6pP9M2FX0cHUvGIe6S8cpEKIPT52X.pdf,3,"approved, last year, this year",16282.4,21128.5,13341.9,11872.2,10895.4,9648.0,3886.9,8019.1,3072.1,519.1,2211.5,794.5,26251.4,33431.5,24141.4,19437.4,21638.1,16702.9,6814.0,11793.4,7438.5,8460.7,10009.0,8159.7,-8206.7,-9834.6,-9530.8,-9969.0,-12303.0,-10799.5,1762.3,2468.4,1268.7,964.9,1469.9,838.5,351.1,0.0,337.7,3953.8,10454.8,4127.3,4038.8,2640.2,1877.7,2086.6,2036.2,1775.8,2107.7,2985.3,1901.0,636.3,616.6,312.7,1555.3,1897.7,386.0,357.9,756.2,214.0,1033.1,888.5,1023.9,1270.4,717.8,961.7,,56549.1,,
2021-11-18,45,2021-11-18,https://www.finance.gov.mv/public/attachments/1cfS8HrsUxUlrmFwLgt5MYsJEi3qhKIBLE7y18Y4.pdf,3,"approved, last year, this year",16837.4,21128.5,13497.0,12220.8,10895.4,9745.3,3967.9,8019.1,3130.5,644.0,2211.5,796.9,26901.1,33431.5,24321.3,19731.1,21638.1,16849.2,7170.0,11793.4,7472.0,8461.4,10009.0,8163.4,-8270.2,-9834.6,-9542.5,-10063.7,-12303.0,-10824.3,1793.5,2468.4,1281.8,977.9,1469.9,845.0,925.0,0.0,365.9,4209.2,10454.8,4127.3,4081.3,2640.2,1893.4,2111.3,2036.2,1786.6,2289.1,2985.3,1931.0,650.6,616.6,314.7,1571.9,1897.7,386.0,357.9,756.2,214.0,1095.2,888.5,1069.6,1281.9,717.8,966.9,,56549.1,,
2021-11-25,46,2021-11-25,https://www.finance.gov.mv/public/attachments/M1Xm0Bpbfr13n3rWUNMnFq13FQ1XtTO3nBEGP1Hk.pdf,3,"approved, last year, this year",17309.6,21128.5,13666.0,12384.0,10895.4,9871.8,4046.3,8019.1,3168.3,874.3,2211.5,800.9,28094.4,33431.5,25294.2,20696.9,21638.1,17712.2,7397.5,11793.4,7582.0,9103.7,10009.0,8487.7,-8857.8,-9834.6,-10128.1,-10784.8,-12303.0,-11628.2,1927.0,2468.4,1500.1,982.9,1469.9,845.0,925.0,529.2,367.4,5354.4,8441.5,4240.6,4179.0,2640.2,1930.1,2135.7,2036.2,1816.9,2287.2,2985.3,1975.8,664.8,616.6,320.6,1578.2,1897.7,388.9,357.9,756.2,214.0,1095.2,888.5,1102.7,1344.5,717.8,1029.5,,,,
2021-12-01,47,2021-12-01,https://www.finance.gov.mv/public/attachments/GsybkPXYVn2DO0MczoWrxKLOn8F4UmALOMBxbLGB.pdf,3,"approved, last year, this year",18033.4,21128.5,13956.7,12938.2,10895.4,10078.7,4203.9,8019.1,3241.8,886.1,2211.5,810.9,29941.3,33431.5,26124.7,21198.8,21638.1,18304.5,8742.5,11793.4,7820.2,9298.6,10009.0,8963.5,-9961.8,-9834.6,-10653.6,-11907.9,-12303.0,-12168.0,1946.1,2468.4,1514.4,989.5,3714.9,852.6,925.0,529.2,367.4,5685.8,8441.5,4366.3,4543.4,2640.2,1995.2,2267.4,2036.2,1911.4,2287.7,2985.3,2012.4,711.1,616.6,327.2,1588.0,1897.7,388.9,395.3,756.2,254.0,1110.2,888.5,1105.3,1432.3,717.8,1031.9,,56971.0,,
2021-12-09,48,2021-12-09,https://www.finance.gov.mv/public/attachments/1YkHg0N5tyjWqqfWqv95JsaMbpdwtZpx1QMx3qiW.pdf,3,"approved, last year, this year",18113.9,21128.5,14167.9,12973.4,10895.4,10195.9,4236.0,8019.1,3317.2,899.4,2211.5,829.5,30531.2,33431.5,26482.8,21557.4,21638.1,18534.2,8973.8,11793.4,7948.6,9301.8,10009.0,8977.2,-10468.9,-9834.6,-10771.6,-12417.2,-12303.0,-12314.8,1948.3,2468.4,1543.2,1015.5,3714.9,852.6,941.1,529.2,368.2,5747.9,8441.5,4411.4,4559.0,2640.2,2006.1,2279.2,2036.2,1929.2,2287.7,2985.3,2095.8,718.2,616.6,327.8,1589.6,1897.7,393.4,395.3,756.2,279.0,1136.2,888.5,1131.8,1435.6,717.8,1042.0,,57059.9,,
2021-12-16,49,2021-12-16,https://www.finance.gov.mv/public/attachments/Fzf05kfHCixUP13CuUckmtSse1dH4WA80qzTYZbb.pdf,3,"approved, last year, this year",18486.0,21128.5,14391.7,13163.5,10895.4,10340.7,4401.9,8019.1,3380.9,915.2,2211.5,844.1,31176.7,33431.5,26871.1,21921.4,21638.1,18832.8,9255.3,11793.4,8038.3,9322.6,10009.0,8978.7,-10681.1,-9834.6,-10918.3,-12690.7,-12303.0,-12479.4,2009.6,2468.4,1561.1,1026.8,3714.9,1193.6,941.1,529.2,375.1,5923.0,8441.5,4465.7,4608.4,2640.2,2016.9,2308.4,2036.2,1942.7,2295.2,2985.3,2146.1,735.3,616.6,331.8,1675.5,1897.7,411.8,395.3,756.2,279.0,1148.2,888.5,1178.0,1497.0,717.8,1086.6,,57089.7,,
2021-12-23,50,2021-12-23,https://www.finance.gov.mv/public/attachments/wFlKi9wJrt9aeWql6gBw571CupiNJeKpqiuA4ZWy.pdf,3,"approved, last year, this year",19009.3,21128.5,14599.8,13355.4,10895.4,10454.5,4731.9,8019.1,3472.6,916.2,2211.5,846.4,32024.9,33431.5,27679.5,22350.2,21638.1,19393.7,9674.7,11793.4,8285.7,9439.2,10009.0,9259.9,-11006.0,-9834.6,-11475.9,-13015.6,-12303.0,-13079.7,2009.6,2468.4,1603.8,1028.2,3714.9,1193.6,990.5,529.2,377.0,6200.6,8441.5,4576.8,4727.2,2640.2,2040.6,2340.4,2036.2,1969.2,2293.6,2985.3,2197.3,752.3,616.6,335.4,1806.9,1897.7,465.4,395.4,756.2,279.0,1133.8,888.5,1205.5,1532.2,717.8,1147.6,20 December 2021,57339.2,47225.2,10114.0
2021-12-31,52,2021-12-31,https://www.finance.gov.mv/public/attachments/bLuCVV5uST3zHgdnY88iSgoNKc2tADV8JdnqYQkL.pdf,3,"approved, last year, this year",21228.7,21128.5,15577.1,14673.0,10895.4,10951.0,5520.6,8019.1,3829.6,1031.6,2211.5,970.1,32994.8,33431.5,28568.1,23950.5,21638.1,20184.4,9044.3,11793.4,8383.7,10324.6,10009.0,9758.2,-9662.6,-9834.6,-11387.2,-11766.1,-12303.0,-12991.0,2103.5,2468.4,1603.9,4047.7,3714.9,1193.6,1253.8,529.2,393.6,6457.9,8441.5,4673.2,5247.7,2640.2,2220.0,2484.3,2036.2,2085.6,2835.8,2985.3,2258.5,802.1,616.6,350.9,2072.3,1897.7,692.0,460.0,756.2,324.0,1115.0,888.5,1245.1,1563.4,717.8,1198.2,31 December 2021,57362.3,47573.2,10127.1
2022-01-06,1,2022-01-06,https://www.finance.gov.mv/public/attachments/IrfGVTqEtyLMo2FAHgoa12jdFINvRzoj2Yh4aODm.pdf,3,"approved, last year, this year",160.9,24279.9,153.0,86.5,15355.0,86.2,73.8,6418.4,63.2,0.0,2911.8,2.9,147.7,34101.8,126.9,114.4,24823.3,126.4,33.3,9278.5,0.5,1.5,11431.0,4.0,18.6,-6906.7,90.8,13.2,-9821.9,26.1,5.4,2915.2,64.7,24.2,2861.7,65.8,0.0,0.0,1.8,0.0,0.0,2.0,12.3,2877.5,20.5,13.0,4821.8,15.5,0.0,3223.4,42.2,3.1,823.7,1.6,53.9,1760.9,24.9,0.0,1030.4,0.0,27.2,825.7,0.0,0.0,730.9,0.0,03 January 2022,57549.1,47746.8,10140.3
2022-01-13,2,2022-01-13,https://www.finance.gov.mv/public/attachments/r3ZGEWxNc61TB54P2EOYZnonDDtRBwm0rWhjqdS3.pdf,3,"approved, last year, this year",330.4,24279.9,334.3,213.9,15355.0,222.0,115.9,6418.4,107.9,0.0,2911.8,3.5,380.6,34101.8,362.0,247.2,24823.3,267.7,133.4,9278.5,94.3,3.2,11431.0,9.5,24.9,-6906.7,51.3,-50.2,-9821.9,-27.7,75.1,2915.2,79.1,233.6,2861.7,65.8,0.0,0.0,6.9,45.9,0.0,35.0,29.9,2877.5,35.9,30.0,4821.8,27.4,0.0,3223.4,86.6,10.3,823.7,4.8,70.0,1760.9,30.5,0.0,1030.4,0.0,42.2,825.7,46.7,0.0,730.9,-0.1,03 January 2022,57549.1,47746.8,10140.3
2022-01-20,3,2022-01-20,https://www.finance.gov.mv/public/attachments/fySjNGtRB6ZrsprV9iaqDUROlN8wVYAQ8MnvLAll.pdf,3,"approved, last year, this year",492.6,24279.9,334.3,344.8,15355.0,222.0,147.0,6418.4,107.9,0.0,2911.8,3.5,616.1,34101.8,362.0,464.5,24823.3,267.7,151.6,9278.5,94.3,29.5,11431.0,9.5,-41.8,-6906.7,51.3,-123.5,-9821.9,-27.7,81.7,2915.2,79.1,233.6,2861.7,65.8,0.0,0.0,23.2,63.9,0.0,35.0,82.4,2877.5,35.9,42.5,4821.8,27.4,0.0,3223.4,86.6,20.3,823.7,4.8,76.4,1760.9,30.5,0.0,1030.4,0.0,42.2,825.7,46.7,20.1,730.9,-0.1,17 January 2022,57821.0,47693.8,10127.1
2022-01-27,4,2022-01-27,https://www.finance.gov.mv/public/attachments/Ed5Nk0giZjtf2sUMxWaGqr36FKkRlzbLu8XVBhXs.pdf,3,"approved, last year, this year",987.1,24279.9,1207.2,788.1,15355.0,949.1,315.4,6418.4,228.0,5.5,2911.8,29.2,1430.6,34101.8,1676.1,1107.8,24823.3,1317.0,322.8,9278.5,359.1,499.0,11431.0,683.2,-353.2,-6906.7,-340.2,-443.5,-9821.9,-468.9,90.3,2915.2,128.7,251.9,2861.7,148.6,0.0,0.0,24.0,219.8,0.0,94.0,333.2,2877.5,310.6,100.8,4821.8,115.9,0.0,3223.4,179.2,51.6,823.7,40.5,80.7,1760.9,51.4,0.0,1030.4,0.0,42.2,825.7,46.9,68.4,730.9,48.6,17 January 2022,57821.0,47693.8,10127.1
2022-02-03,5,2022-02-03,https://www.finance.gov.mv/public/attachments/jpTMjQmQu8gk4uPBta4OFaTPjUmyvrfl5vnmortB.pdf,3,"approved, last year, this year",2344.2,24279.9,1207.2,2004.3,15355.0,949.1,454.5,6418.4,228.0,7.4,2911.8,29.2,2280.6,34101.8,1676.1,1855.5,24823.3,1317.0,425.0,9278.5,359.1,889.9,11431.0,683.2,188.1,-6906.7,-340.2,63.7,-9821.9,-468.9,124.5,2915.2,128.7,328.7,2861.7,148.6,0.0,0.0,29.1,267.0,0.0,221.7,734.0,2877.5,310.6,300.3,4821.8,115.9,0.0,3223.4,179.2,90.2,823.7,40.5,83.8,1760.9,51.4,0.0,1030.4,0.0,117.8,825.7,46.9,165.2,730.9,48.6,31 January 2022,57821.0,47693.8,10146.9
2022-02-10,6,2022-02-10,https://www.finance.gov.mv/public/attachments/QbK4nQBB2slNoSg7hUDHfzoN55d8sJ7Kga4SzD7y.pdf,3,"approved, last year, this year",2599.3,24279.9,2488.6,2188.7,15355.0,2105.6,523.2,6418.4,344.3,8.4,2911.8,37.5,2687.7,34101.8,2414.6,2135.2,24823.3,1817.1,552.4,9278.5,597.5,896.0,11431.0,825.7,42.1,-6906.7,247.2,-88.3,-9821.9,74.0,130.4,2915.2,173.2,328.9,2861.7,161.0,59.5,0.0,37.9,387.8,0.0,250.8,805.6,2877.5,540.3,322.5,4821.8,304.7,32.1,3223.4,285.9,106.2,823.7,65.5,92.4,1760.9,57.2,0.0,1030.4,0.0,145.3,825.7,48.1,165.3,730.9,86.0,31 January 2022,57821.0,47693.8,10146.9
2022-02-17,7,2022-02-17,https://www.finance.gov.mv/public/attachments/d2rPgi3s2hXHIXao9m850qeW9vixiZcAkAJlqMFE.pdf,3,"approved, last year, this year",3251.6,24279.9,2772.1,2667.5,15355.0,2324.1,696.5,6418.4,406.9,8.3,2911.8,40.3,3085.3,34101.8,2836.4,2385.9,24823.3,2058.1,699.4,9278.5,778.3,898.0,11431.0,827.2,339.0,-6906.7,161.4,166.3,-9821.9,-64.3,172.7,2915.2,225.7,335.8,2861.7,164.3,59.5,0.0,59.3,533.6,0.0,361.9,822.9,2877.5,569.7,340.6,4821.8,332.8,382.7,3223.4,353.3,115.8,823.7,72.1,95.9,1760.9,61.6,16.4,1030.4,0.0,149.0,825.7,94.3,224.9,730.9,125.8,14 February 2022,58677.3,48537.0,140.3
2022-02-24,8,2022-02-24,https://www.finance.gov.mv/public/attachments/WuO4c1Jlaiit8eY8tXdo01UauYxj9sSUZFP3HmEE.pdf,3,"approved, last year, this year",3694.4,24279.9,3120.1,3005.1,15355.0,2588.2,751.3,6418.4,484.8,58.4,2911.8,46.4,4315.9,34101.8,3732.3,3348.4,24823.3,2827.3,967.5,9278.5,905.0,1471.3,11431.0,1413.9,-350.8,-6906.7,-384.0,-621.5,-9821.9,-612.3,270.6,2915.2,228.3,335.8,2861.7,170.2,59.5,0.0,66.2,741.1,0.0,441.7,1068.1,2877.5,742.0,371.4,4821.8,357.5,399.6,3223.4,385.9,139.4,823.7,92.9,105.2,1760.9,62.5,16.4,1030.4,0.0,149.5,825.7,94.4,260.8,730.9,184.8,14 February 2022,58677.3,48537.0,140.3
2022-03-03,8,2022-03-03,https://www.finance.gov.mv/public/attachments/d9UBVUbKY7x7RuSAwvUNsK46aTO9HKxQyCKff0WB.pdf,3,"approved, last year, this year",4671.8,24279.9,3708.8,3908.0,15355.0,3127.0,824.4,6418.4,531.9,59.6,2911.8,49.1,5002.4,34101.8,4280.7,3924.3,24823.3,3280.4,1078.1,9278.5,1000.2,1742.8,11431.0,1646.2,59.3,-6906.7,-330.5,-330.6,-9821.9,-571.8,389.9,2915.2,241.3,583.3,2861.7,170.2,59.5,0.0,70.8,803.3,0.0,539.2,1598.4,2877.5,1042.2,514.0,4821.8,480.2,477.7,3223.4,456.3,194.7,823.7,128.4,107.7,1760.9,64.4,16.4,1030.4,0.0,222.6,825.7,94.4,267.3,730.9,184.8,28 February 2022,61467.7,51334.0,10133.7
2022-03-10,10,2022-03-10,https://www.finance.gov.mv/public/attachments/slCcrALvUEnPhzC1ENysttTjBUU2DUcRPsNZHAzK.pdf,3,"approved, last year, this year",5419.1,24279.9,3965.9,4073.5,15355.0,3219.7,1400.3,6418.4,691.4,65.3,2911.8,53.8,5962.0,34101.8,4675.7,4373.9,24823.3,3544.3,1588.1,9278.5,1131.4,1752.2,11431.0,1648.8,-56.8,-6906.7,-448.4,-542.9,-9821.9,-709.8,486.1,2915.2,261.4,583.2,2861.7,209.8,59.5,0.0,75.5,1143.1,0.0,564.8,1622.2,2877.5,1049.1,529.2,4821.8,497.2,551.9,3223.4,497.9,202.8,823.7,133.1,174.2,1760.9,76.4,87.8,1030.4,81.3,222.6,825.7,167.6,321.5,730.9,239.3,28 February 2022,61467.7,51334.0,10133.7
2022-03-17,10,2022-03-17,https://www.finance.gov.mv/public/attachments/Wd90fSyGwmO6nrPup6wZuc7r9REcX7ZIu3fUIiBb.pdf,3,"approved, last year, this year",5705.0,24279.9,4214.9,4243.7,15355.0,3389.1,1509.7,6418.4,757.6,70.5,2911.8,68.9,6730.0,34101.8,5212.1,4655.3,24823.3,3842.3,2074.7,9278.5,1369.9,1755.6,11431.0,1677.2,-535.2,-6906.7,-702.2,-1025.0,-9821.9,-997.2,489.8,2915.2,295.0,599.0,2861.7,258.4,59.5,0.0,92.2,1253.1,0.0,628.1,1660.6,2877.5,1073.9,542.8,4821.8,511.2,551.9,3223.4,548.4,216.0,823.7,140.0,241.7,1760.9,93.1,87.8,1030.4,81.3,273.5,825.7,169.3,365.8,730.9,284.8,,61451.2,51376.7,10074.5
2022-03-24,12,2022-03-24,https://www.finance.gov.mv/public/attachments/iq0m0OXsdw87HjUkf4TrAPhM8Dn6ORjqWlI9wwrD.pdf,3,"approved, last year, this year",6258.3,24279.9,4799.5,4615.3,15355.0,3791.0,1690.9,6418.4,936.0,70.5,2911.8,72.2,7698.0,34101.8,6068.2,5447.5,24823.3,4517.8,2250.5,9278.5,1550.3,1992.0,11431.0,1851.4,-570.2,-6906.7,-885.4,-1439.8,-9821.9,-1268.6,869.6,2915.2,383.2,599.0,2861.7,276.7,79.6,0.0,103.2,1253.1,0.0,628.1,1861.8,2877.5,1300.1,588.8,4821.8,541.0,633.8,3223.4,605.4,240.7,823.7,180.5,428.4,1760.9,223.1,26.4,1030.4,81.3,273.5,825.7,169.3,452.6,730.9,328.2,,61453.0,51379.0,10074.0
2022-03-31,313,2022-03-31,https://www.finance.gov.mv/public/attachments/Clq9lNTHQu7JE1Lks9wiGYrEKEvuMy1YszXLuOiL.pdf,3,"approved, last year, this year",7232.3,24279.9,5578.4,5330.1,15355.0,4299.5,1949.2,6418.4,1194.7,71.1,2911.8,83.8,8980.6,34101.8,7100.2,6598.9,24823.3,5329.5,2381.7,9278.5,1770.7,2731.4,11431.0,2485.4,-798.9,-6906.7,-1098.9,-1748.3,-9821.9,-1521.8,949.5,2915.2,422.9,612.8,2861.7,297.3,149.9,0.0,103.2,1485.5,0.0,830.2,2327.1,2877.5,1590.6,752.4,4821.8,656.2,632.9,3223.4,668.7,290.4,823.7,214.3,623.3,1760.9,416.8,26.4,1030.4,81.5,344.5,825.7,180.8,452.6,730.9,338.4,,61149.1,51035.2,10114.0
2022-04-07,314,2022-04-07,https://www.finance.gov.mv/public/attachments/rXH8cW5CFXYY9FDhLQroK7vwp1FtVIwKJD5U0g8m.pdf,3,"approved, last year, this year",7806.2,24279.9,6013.4,5472.7,15355.0,4399.6,2380.9,6418.4,1308.7,71.1,2911.8,304.5,9617.7,34101.8,7760.7,7140.0,24823.3,5893.8,2477.7,9278.5,1866.9,2732.7,11431.0,2613.7,-521.3,-6906.7,-1262.3,-1811.5,-9821.9,-1747.3,1290.2,2915.2,485.0,619.8,2861.7,297.3,149.9,0.0,109.9,1576.3,0.0,862.5,2387.6,4821.8,1606.8,765.2,2877.5,672.8,667.4,3223.4,719.8,298.2,823.7,218.8,662.7,1760.9,450.3,26.4,1030.4,114.7,379.8,825.7,210.4,452.6,730.9,406.6,,61149.1,51035.2,10114.0
2022-04-14,315,2022-04-14,https://www.finance.gov.mv/public/attachments/G0uWxf6VrGXGUhD2hHEFPVflVhPNIIJ5uyOTjglk.pdf,3,"approved, last year, this year",7926.4,24279.9,6163.1,5547.3,15355.0,4506.4,2418.6,6418.4,1350.7,78.8,2911.8,305.3,10130.4,34101.8,7990.1,7445.8,24823.3,6058.2,2684.7,9278.5,1932.0,2733.7,11431.0,2615.4,-908.8,-6906.7,-1244.9,-2204.1,-9821.9,-1827.1,1295.2,2915.2,582.2,630.9,2861.7,3244.0,149.9,0.0,123.3,1724.3,0.0,903.1,2398.5,4821.8,1618.2,777.6,2877.5,679.0,681.4,3223.4,775.2,305.8,823.7,222.5,672.5,1760.9,451.2,26.4,1030.4,114.7,430.5,825.7,210.4,472.1,730.9,412.3,11 April 2022,61303.5,51176.4,10127.1
2022-04-21,316,2022-04-21,https://www.finance.gov.mv/public/attachments/4H4jfbRl1njrljaFQzcT4j0esNTXFum6KH3NBrXI.pdf,3,"approved, last year, this year",8509.0,24279.9,6446.9,5859.3,15355.0,4711.9,2687.1,6418.4,1423.5,80.7,2911.8,310.7,10530.4,34101.8,8400.1,7685.4,24823.3,6377.3,2845.0,9278.5,2022.8,2772.3,11431.0,2633.7,-681.2,-6906.7,-1302.7,-2021.4,-9821.9,-1953.2,1340.2,2915.2,650.5,681.1,2861.7,3339.1,149.9,0.0,142.3,1814.2,0.0,952.6,2472.3,4821.8,1646.9,796.8,2877.5,702.1,797.2,3223.4,834.7,314.3,823.7,231.9,679.1,1760.9,455.3,67.1,1030.4,114.7,430.5,825.7,266.8,509.4,730.9,441.6,11 April 2022,61303.5,51176.4,10127.1
2022-04-28,317,2022-04-28,https://www.finance.gov.mv/public/attachments/P4q3UADv4pCfoi4k5WAtIna4WV1UpRAQsxyOWQkN.pdf,3,"approved, last year, this year",9964.6,24279.9,7273.2,7024.6,15355.0,5362.3,2922.4,6418.4,1582.3,137.4,2911.8,327.7,11768.3,34101.8,9609.5,8810.5,24823.3,7446.9,2957.8,9278.5,2162.6,3586.4,11431.0,3425.5,-431.1,-6906.7,-1642.6,-1803.7,-9821.9,-2336.3,1372.7,2915.2,693.7,713.3,2861.7,3339.1,195.0,0.0,144.9,1901.2,0.0,1018.5,2993.7,4821.8,2016.7,1027.8,2877.5,877.7,1062.4,3223.4,881.8,375.7,823.7,280.3,682.5,1760.9,508.8,87.2,1030.4,114.7,495.6,825.7,281.9,567.9,730.9,533.9,25 April 2022,61728.6,51581.8,10146.9
2022-05-12,319,2022-05-12,https://www.finance.gov.mv/public/attachments/SiJSjW87Vx6yEKtFj0SwcHdIBG7vK07SJXUTHZh5.pdf,3,"approved, last year, this year",10294.7,24279.9,7797.2,7259.0,15355.0,5680.4,3018.3,6418.4,1738.6,137.2,2911.8,379.1,12325.0,34101.8,10500.5,9278.0,24823.3,8063.6,3047.0,9278.5,2436.9,3609.1,11431.0,3472.9,-636.3,-6906.7,-1928.3,-2030.3,-9821.9,-2703.3,1393.9,2915.2,775.0,722.9,2861.7,3369.0,195.0,0.0,161.4,1981.9,0.0,1229.2,3070.8,4821.8,2124.4,1078.3,2877.5,923.4,1099.8,3223.4,976.8,398.4,823.7,295.8,694.2,1760.9,548.8,126.4,1030.4,114.7,518.8,825.7,375.2,610.1,730.9,579.2,09 May 2022,61402.3,51321.2,10081.1
2022-05-19,320,2022-05-19,https://www.finance.gov.mv/public/attachments/V6LZlnxlwvCGUWlX4PVWHFY4BWsG1dM4hywlN4YG.pdf,3,"approved, last year, this year",10448.5,24279.9,7993.8,7399.6,15355.0,5819.2,3024.9,6418.4,1791.3,143.6,2911.8,384.5,12851.5,34101.8,10739.6,9590.5,24823.3,8255.6,3261.1,9278.5,2484.0,3610.2,11431.0,3481.6,-1008.6,-6906.7,-1953.7,-2403.0,-9821.9,-2745.7,1394.5,2915.2,792.0,777.4,2861.7,3374.2,195.0,0.0,179.1,2050.2,0.0,1256.5,3114.6,4821.8,2149.8,1097.2,2877.5,931.5,1110.6,3223.4,1014.3,406.7,823.7,302.6,699.4,1760.9,553.0,126.4,1030.4,114.7,518.8,825.7,375.3,655.7,730.9,604.1,09 May 2022,61402.3,51321.2,10081.1
2022-05-26,321,2022-05-26,https://www.finance.gov.mv/public/attachments/4EvgJwTsYhUlK0v8DUDYliaI4bBKDG2QttzR28Al.pdf,3,"approved, last year, this year",11136.3,24279.9,8300.4,7928.7,15355.0,6083.9,3157.3,6418.4,1829.7,169.0,2911.8,387.7,14047.3,34101.8,11720.0,10585.6,24823.3,9124.0,3461.6,9278.5,2596.0,4168.4,11431.0,4188.0,-1342.3,-6906.7,-2553.8,-2911.0,-9821.9,-3419.6,1568.6,2915.2,865.8,1668.1,2861.7,3378.6,280.2,0.0,179.6,2190.8,0.0,1334.0,3399.8,4821.8,2301.9,1165.5,2877.5,966.9,1196.4,3223.4,1064.8,445.6,823.7,323.5,700.7,1760.9,555.5,139.1,1030.4,114.7,518.8,825.7,375.3,727.2,730.9,621.4,23 May 2022,61829.1,51741.5,10087.6
2022-06-02,322,2022-06-02,https://www.finance.gov.mv/public/attachments/ZPDP0qNWYs6d5dfNAbzTYfy66xmQItGaEDuasEz5.pdf,3,"approved, last year, this year",11597.3,24279.9,9024.2,8315.6,15355.0,6399.2,3221.5,6418.4,2218.5,178.6,2911.8,405.5,14853.9,34101.8,12267.8,11165.1,24823.3,9363.5,3688.9,9278.5,2904.3,4525.6,11431.0,4322.7,-1661.2,-6906.7,-2376.9,-3256.7,-9821.9,-3243.6,1595.5,2915.2,866.8,1687.1,2861.7,3378.6,1485.5,0.0,179.6,2414.3,0.0,1461.2,3598.2,4821.8,2485.1,1332.4,2877.5,1029.3,1196.2,3223.4,1115.1,477.6,823.7,340.5,729.4,1760.9,559.8,139.1,1030.4,466.6,1342.7,1436.2,375.4,766.3,730.9,632.4,23 May 2022,61829.1,51741.5,10087.6
2022-06-09,323,2022-06-09,https://www.finance.gov.mv/public/attachments/nLhjPK2bXyfeLnsTGSeC2cpevDlIhERj50arc5R6.pdf,3,"approved, last year, this year",11754.3,24279.9,9175.8,8362.7,15355.0,6512.5,3330.5,6418.4,2255.6,178.6,2911.8,406.3,15307.4,34101.8,12673.4,11448.2,24823.3,9736.1,3859.3,9278.5,2937.3,4532.8,11431.0,4325.9,-1952.6,-6906.7,-2593.1,-3553.1,-9821.9,-3497.6,1600.5,2915.2,904.6,1689.2,2861.7,3385.5,1506.1,769.2,181.7,2545.4,6330.4,1478.8,3612.6,4821.8,2513.6,1350.3,2877.5,1043.3,1196.2,3223.4,1115.1,482.3,823.7,345.7,756.4,1760.9,565.8,191.5,1030.4,466.6,1460.6,1436.2,501.7,795.4,730.9,658.3,,62798.8,52665.0,10134.0
2022-06-16,324,2022-06-16,https://www.finance.gov.mv/public/attachments/4PRXlHWUmyhiGdfC2jTslkWPsVLKfqKmDK561BWU.pdf,3,"approved, last year, this year",12319.1,24279.9,9526.9,8629.2,15355.0,6760.4,3629.0,6418.4,2352.4,181.0,2911.8,412.7,15954.4,34101.8,13054.8,11950.5,24823.3,10024.6,4004.0,9278.5,3030.2,4539.1,11431.0,4339.0,-1939.4,-6906.7,-2611.3,-3635.4,-9821.9,-3527.9,1695.9,2915.2,916.6,1786.6,2861.7,3385.5,1565.4,769.2,202.6,2670.7,6330.4,1522.5,3629.9,4821.8,2562.0,1388.7,2877.5,1081.7,1304.6,3223.4,1223.3,489.8,823.7,359.1,795.8,1760.9,606.9,200.8,1030.4,466.6,605.6,825.7,496.2,797.2,730.9,696.7,,62798.8,52665.0,10134.0
2022-06-23,325,2022-06-23,https://www.finance.gov.mv/public/attachments/GpJyy4IfWRYVGub3xs8ljYuH7mYRfHrSawMKzGsV.pdf,3,"approved, last year, this year",12695.7,24279.9,9446.9,8848.4,15355.0,6904.3,3784.5,6418.4,2124.7,182.1,2911.8,416.3,16463.6,34101.8,13481.8,12317.0,24823.3,10325.3,4146.6,9278.5,3156.6,4611.2,11431.0,4394.6,-2071.8,-6906.7,-3066.3,-3767.9,-9821.9,-4035.0,1696.0,2915.2,968.7,1791.7,2861.7,3497.6,1587.2,769.2,212.6,2781.8,6330.4,1577.5,3741.1,4821.8,2623.9,1410.3,2877.5,1108.2,1304.6,3223.4,1267.5,506.9,823.7,367.3,902.5,1760.9,679.9,200.9,1030.4,120.6,1653.5,1436.2,592.6,864.2,730.9,734.6,,63343.3,53216.0,10127.0
2022-06-30,326,2022-06-30,https://www.finance.gov.mv/public/attachments/U6lRfmzbbhvaAVgfbzeIVRxvYRebll6GTRZBP3wU.pdf,3,"approved, last year, this year",13120.9,24279.9,10008.8,9578.9,15355.0,7245.4,3463.6,6418.4,2343.7,197.7,2911.8,418.1,17839.1,34101.8,14704.3,13547.9,24823.3,11255.8,4291.1,9278.5,3448.5,5509.2,11431.0,5167.2,-2940.8,-6906.7,-3725.6,-4718.2,-9821.9,-4695.5,1777.3,2915.2,969.9,2020.7,2861.7,3497.6,383.7,769.2,213.3,2911.2,6330.4,1835.1,3938.6,4821.8,2800.7,1561.7,2877.5,1185.5,1304.6,3223.4,1314.8,541.0,823.7,399.0,1091.3,1760.9,929.3,210.9,1030.4,181.4,1738.2,1436.2,597.4,874.6,730.9,757.8,,62559.4,53313.0,9246.0
2022-07-14,27,2022-07-14,https://www.finance.gov.mv/public/attachments/6pSGqOxFJYBPf4pWmzavPzw6ANTa1OrJo6Yx0sl5.pdf,3,"approved, last year, this year",13777.9,24279.9,10659.0,10158.8,15355.0,7561.4,3540.4,6418.4,2561.0,197.9,2911.8,533.6,18425.9,34101.8,16355.3,13952.3,24823.3,12441.5,4473.6,9278.5,3913.8,5517.5,11431.0,5524.8,-2841.5,-6906.7,-4616.6,-4648.0,-9821.9,-5696.3,1806.5,2915.2,1079.7,2020.9,2861.7,3573.3,423.4,769.2,232.6,3029.0,6330.4,1929.7,3965.6,4821.8,2831.7,1584.1,2877.5,1244.8,1304.4,3223.4,1425.8,549.5,823.7,406.8,1120.5,1760.9,1033.9,243.7,1030.4,204.7,1932.6,1436.2,759.8,907.8,730.9,833.5,,62559.4,53313.0,9246.0
2022-07-21,28,2022-07-21,https://www.finance.gov.mv/public/attachments/QZnjKgjVIjlihehSIetOLgp96oOVOeCpz3RxEYJd.pdf,3,"approved, last year, this year",14811.4,24279.9,10838.6,10959.4,15355.0,7703.0,3771.8,6418.4,2595.9,230.2,2911.8,536.9,20070.7,34101.8,16866.1,15299.0,24823.3,12901.4,4771.7,9278.5,3964.7,6307.3,11431.0,5915.0,-3388.7,-6906.7,-4947.8,-5259.3,-9821.9,-6027.5,1870.6,2915.2,1079.7,2044.7,2861.7,3573.3,451.1,769.2,232.8,3656.1,6330.4,1949.3,4038.8,4821.8,2889.0,1631.6,2877.5,1255.2,1673.7,3223.4,1472.4,570.0,823.7,413.0,1115.7,1760.9,1038.9,243.7,1030.4,204.7,2139.1,1436.2,784.8,925.5,730.9,842.8,,62680.9,53441.0,9240.0
2022-07-28,29,2022-07-28,https://www.finance.gov.mv/public/attachments/f2gFVbsAkesUE65PpN8qj7A4C7W1k9W65R93BoZA.pdf,3,"approved, last year, this year",15735.6,24279.9,11074.2,11838.2,15355.0,7870.5,3817.3,6418.4,2663.9,230.2,2911.8,536.9,20778.7,34101.8,16892.5,15507.1,24823.3,12927.6,5271.6,9278.5,3964.8,6383.3,11431.0,5921.9,-3172.5,-6906.7,-4734.0,-5043.1,-9821.9,-5818.3,1870.6,2915.2,1084.2,2044.7,2861.7,3573.3,465.7,769.2,232.8,3839.3,6330.4,1949.3,4173.4,4821.8,2955.6,1667.8,2877.5,1298.2,1673.7,3223.4,1511.8,592.7,823.7,426.9,1123.6,1760.9,1041.2,243.7,1030.4,251.8,2143.7,1436.2,784.8,930.9,730.9,842.8,,62680.9,53441.0,9240.0
2022-08-04,30,2022-08-04,https://www.finance.gov.mv/public/attachments/km1ogG2qkTeEUNo8xlaZi9sjy046CQejZvq6k9uB.pdf,3,"approved, last year, this year",16935.1,24279.9,11380.3,12498.8,15355.0,8127.5,4355.8,6418.4,2693.9,230.5,2911.8,556.1,21499.5,34101.8,17566.4,15906.6,24823.3,13405.5,5592.9,9278.5,4160.9,6407.2,11431.0,5969.6,-2521.4,-6906.7,-5053.5,-4564.4,-9821.9,-6186.1,2043.0,2915.2,1132.6,2131.3,2861.7,3586.7,484.7,769.2,234.5,3940.4,6330.4,2141.7,4284.5,4821.8,3016.7,1846.6,2877.5,1422.5,1690.3,3223.4,1565.2,610.4,823.7,439.2,1123.6,1760.9,1043.9,253.7,1030.4,251.8,2238.7,1436.2,865.9,964.5,730.9,894.9,01 August 2022,64429.3,55183.0,9246.0
2022-08-11,31,2022-08-11,https://www.finance.gov.mv/public/attachments/btGN8rKDRoQQ4s0rPBgtC85r34LRD6h7l8LZU8zM.pdf,3,"approved, last year, this year",17281.2,24279.9,11754.9,12658.8,15355.0,8338.8,4539.6,6418.4,2802.4,233.0,2911.8,611.0,22094.2,34101.8,17873.4,16394.9,24823.3,13605.7,5699.2,9278.5,4267.7,6408.2,11431.0,5975.6,-2766.4,-6906.7,-4972.6,-4812.9,-9821.9,-6118.6,2046.6,2915.2,1146.0,2184.5,2861.7,3594.6,485.9,769.2,241.7,4026.1,6330.4,2181.5,4301.1,4821.8,3027.4,1867.2,2877.5,1448.4,1763.9,3223.4,1651.3,615.9,823.7,448.7,1123.7,1760.9,1047.6,286.7,1030.4,283.8,2444.9,1436.2,877.4,1001.0,730.9,919.9,01 August 2022,64429.3,55183.0,9246.0
2022-08-18,32,2022-08-18,https://www.finance.gov.mv/public/attachments/1WaSeVTb4wiZVnpMVxmPkBRgbzQrF3cJOjvCvxZj.pdf,3,"approved, last year, this year",17823.4,24279.9,11876.2,13023.3,15355.0,8415.2,4715.0,6418.4,2843.8,234.6,2911.8,613.5,22558.0,34101.8,18109.2,16547.6,24823.3,13734.0,6010.5,9278.5,4375.1,6409.6,11431.0,5977.4,-2687.0,-6906.7,-5086.1,-4734.6,-9821.9,-6233.0,2047.6,2915.2,1146.9,2187.6,2861.7,3594.6,508.8,769.2,261.0,4306.9,6330.4,2295.3,4326.3,4821.8,3030.1,1895.1,2877.5,1460.1,1916.8,3223.4,1680.8,621.3,823.7,454.8,1124.6,1760.9,1051.1,304.1,1030.4,283.8,2445.0,1436.2,914.2,1038.6,730.9,927.6,15 August 2022,63015.3,53769.0,9246.0
2022-08-25,33,2022-08-25,https://www.finance.gov.mv/public/attachments/OTMJIG08ba1jiAorRblwR71lu1VdrI2ny9ly73UB.pdf,3,"approved, last year, this year",18207.0,24279.9,12651.9,13366.2,15355.0,9086.4,4754.6,6418.4,2938.8,235.1,2911.8,622.9,24020.7,34101.8,19232.5,17575.1,24823.3,14678.8,6445.6,9278.5,4553.7,7131.5,11431.0,6575.6,-3720.7,-6906.7,-5411.0,-5813.7,-9821.9,-6580.6,2093.0,2915.2,1169.5,2214.5,2861.7,3614.9,514.8,769.2,261.2,4739.9,6330.4,2354.2,4521.9,4821.8,3284.7,1936.7,2877.5,1630.2,1976.0,3223.4,1752.9,653.1,823.7,496.1,1125.2,1760.9,1060.7,304.1,1030.4,283.8,2445.3,1436.2,915.6,1100.3,730.9,997.5,15 August 2022,63015.3,53769.0,9246.0
2022-09-01,34,2022-09-01,https://www.finance.gov.mv/public/attachments/uIrsBI5MKfVkeJXYjLvyXukWrRl73SjqlhfYM3J1.pdf,3,"approved, last year, this year",18707.4,24279.9,12955.5,13791.3,15355.0,9290.9,4818.4,6418.4,3035.8,247.2,2911.8,624.9,24559.4,34101.8,20481.1,17939.9,24823.3,15152.9,6619.4,9278.5,5328.2,7311.7,11431.0,6842.7,-3726.5,-6906.7,-6334.2,-5852.0,-9821.9,-7525.6,2125.5,2915.2,1191.4,2285.8,2861.7,3614.9,557.2,769.2,268.7,4753.3,6330.4,3103.0,4666.2,4821.8,3323.5,2055.5,2877.5,1644.3,2056.9,3223.4,1775.0,678.8,823.7,502.8,1125.1,1760.9,1074.2,304.1,1030.4,338.4,2503.6,1436.2,992.2,1101.4,730.9,997.5,29 August 2022,60633.2,51387.0,9246.0
2022-09-08,35,2022-09-08,https://www.finance.gov.mv/public/attachments/rQvvdhA2TRC3tlKLdLFxtv2JGaEUsFNOLCvyq2XT.pdf,3,"approved, last year, this year",19195.2,24279.9,13152.8,14143.1,15355.0,9395.2,4951.9,6418.4,3127.4,248.5,2911.8,626.2,25189.2,34101.8,20868.5,18426.4,24823.3,15457.4,6762.8,9278.5,5411.1,7316.4,11431.0,6845.0,-3721.5,-6906.7,-6523.7,-5994.0,-9821.9,-7715.7,2272.5,2915.2,1192.0,2452.1,2861.7,3634.8,558.7,769.2,276.1,4757.5,6330.4,3174.8,4692.2,4821.8,3337.2,2082.4,2877.5,1655.8,2289.4,3223.4,1827.4,683.5,823.7,507.2,1127.0,1760.9,1093.3,336.9,1030.4,365.8,2641.2,1436.2,1003.7,1147.1,730.9,1045.0,29 August 2022,60633.2,51387.0,9246.0
2022-09-15,36,2022-09-15,https://www.finance.gov.mv/public/attachments/3lCscQZLq1nHo7e42e2gWGktXgQzBvF53Aic7REu.pdf,3,"approved, last year, this year",19364.6,24279.9,13417.5,14240.4,15355.0,9568.1,5015.1,6418.4,3218.7,257.7,2911.8,628.1,25575.7,34101.8,21744.2,18699.3,24823.3,15762.4,6876.4,9278.5,5981.7,7318.5,11431.0,6846.3,-3801.8,-6906.7,-7028.5,-6211.1,-9821.9,-8326.7,2409.3,2915.2,1298.1,2459.6,2861.7,3638.1,563.9,769.2,291.7,4775.0,6330.4,3340.3,4704.1,4821.8,3352.3,2102.6,2877.5,1665.1,2288.4,3223.4,1881.7,687.8,823.7,514.0,1149.2,1760.9,1134.7,336.9,1030.4,365.8,2660.1,1436.2,1051.6,1147.1,730.9,1068.1,12 September 2022,62806.1,53578.0,9228.0
2022-09-22,37,2022-09-27,https://www.finance.gov.mv/public/attachments/jxydHZRhWic5X8NqL9VyDerYJeWLN7gIZWUKldrT.pdf,3,"approved, last year, this year",19619.3,24279.9,13724.3,14400.6,15355.0,9743.3,5100.2,6418.4,3346.7,265.9,2911.8,631.5,26475.8,34101.8,22041.8,19477.1,24823.3,15960.5,6998.8,9278.5,6081.4,7336.7,11431.0,6887.9,-4066.0,-6906.7,-7013.7,-6856.5,-9821.9,-8317.5,2790.5,2915.2,1303.8,2481.1,2861.7,3764.4,576.4,769.2,321.6,4781.5,6330.4,3399.5,4746.3,4821.8,3380.8,2131.8,2877.5,1690.3,2288.4,3223.4,1949.3,698.9,823.7,520.6,1192.1,1760.9,1209.1,336.9,1030.4,365.8,2754.8,1436.2,1051.6,1194.0,730.9,1099.4,12 September 2022,62806.1,53578.0,9228.0
2022-09-29,38,2022-09-29,https://www.finance.gov.mv/public/attachments/huB2d4VG81sNvcEdUNEuPmhHFUgpvcbAME7boMx2.pdf,3,"approved, last year, this year",20341.9,24279.9,14972.4,14877.9,15355.0,10674.4,5339.7,6418.4,3653.6,271.6,2911.8,641.6,27710.7,34101.8,23129.4,20531.5,24823.3,16930.5,7179.2,9278.5,6199.0,8195.2,11431.0,7602.9,-4572.6,-6906.7,-6781.4,-7368.8,-9821.9,-8157.1,2796.2,2915.2,1375.6,2491.1,2861.7,3767.8,671.8,769.2,321.9,5226.4,6330.4,3440.7,5022.9,4821.8,3661.7,2259.4,2877.5,1825.2,2288.5,3223.4,1994.2,752.6,823.7,573.1,1354.7,1760.9,1450.1,379.7,1030.4,365.8,2819.8,1436.2,1073.7,1194.1,730.9,1104.5,26 September 2022,63112.2,53926.0,9186.0
2022-10-06,39,2022-10-06,https://www.finance.gov.mv/public/attachments/jGkwV0IftrSsSmD2S2H4q8M88DdLYuOVIa6eNNeY.pdf,3,"approved, last year, this year",20899.7,24279.9,15928.5,15082.3,15355.0,10999.7,5693.2,6418.4,4255.0,271.3,2911.8,670.9,28335.8,34101.8,24160.3,20977.4,24823.3,17744.1,7358.3,9278.5,6416.2,8240.2,11431.0,7696.0,-4606.5,-6906.7,-6448.4,-7436.1,-9821.9,-8231.7,2829.6,2915.2,1783.3,2529.0,2861.7,3788.1,627.9,769.2,324.3,4781.7,6330.4,3623.8,5080.9,4821.8,3683.0,2330.5,2877.5,1839.8,2296.6,3223.4,2043.2,761.5,823.7,577.4,1470.5,1760.9,1500.5,529.7,1030.4,882.8,2946.1,1436.2,1162.2,1325.7,730.9,1111.9,26 September 2022,63112.2,53926.0,9186.0
2022-10-13,40,2022-10-13,https://www.finance.gov.mv/public/attachments/WADuAPbiee3GqDMMtFxdMmlqudBFuk4dtynkWFhp.pdf,3,"approved, last year, this year",21223.2,24279.9,15776.0,15249.8,15355.0,11155.1,5850.4,6418.4,3914.2,271.8,2911.8,703.6,28920.0,34101.8,24518.7,21217.4,24823.3,17983.2,7702.6,9278.5,6535.5,8240.8,11431.0,7698.0,-4825.0,-6906.7,-6854.6,-7696.8,-9821.9,-8742.7,2871.8,2915.2,1888.2,2529.0,2861.7,3788.1,627.9,769.2,337.4,4790.8,6330.4,3660.6,5089.1,4821.8,3708.1,2335.9,2877.5,1858.9,2420.3,3223.4,2104.9,764.0,823.7,584.4,1494.3,1760.9,1529.8,529.7,1030.4,467.8,2978.3,1436.2,1173.6,1370.0,730.9,1133.7,10 October 2022,63529.3,54319.0,9210.0
2022-10-20,41,2022-10-20,https://www.finance.gov.mv/public/attachments/sT7LRCCcwZf8xlUCdqHeTwSQcdonMFdCnuKfssig.pdf,3,"approved, last year, this year",21646.6,24279.9,15991.0,15521.3,15355.0,11350.0,5966.0,6418.4,3898.6,308.1,2911.8,739.2,29431.3,34101.8,24850.5,21604.5,24823.3,18207.3,7826.8,9278.5,6643.2,8293.7,11431.0,7701.3,-4891.3,-6906.7,-6968.6,-7784.7,-9821.9,-8859.4,2893.4,2915.2,1890.8,2527.6,2861.7,3833.1,653.5,769.2,366.8,4790.8,6330.4,3660.6,5163.3,4821.8,3736.1,2389.1,2877.5,1879.1,2441.7,3223.4,2163.7,776.0,823.7,590.2,1520.5,1760.9,1546.7,547.8,1030.4,375.8,2996.4,1436.2,1224.1,1387.3,730.9,1194.2,10 October 2022,63529.3,54319.0,9210.0
2022-10-27,42,2022-10-27,https://www.finance.gov.mv/public/attachments/nFkWa95whnZuf7Fa74YFkw3FkfdSBufK4jGk21k9.pdf,3,"approved, last year, this year",22295.2,24279.9,16458.1,16043.0,15355.0,11708.2,6091.6,6418.4,3979.3,309.3,2911.8,767.2,30780.2,34101.8,25969.1,22539.2,24823.3,19110.2,8241.0,9278.5,6858.9,8996.7,11431.0,8376.5,-5588.6,-6906.7,-7615.8,-8485.0,-9821.9,-9511.0,2896.4,2915.2,1895.2,2538.5,2861.7,3835.0,653.5,769.2,373.5,6165.1,6330.4,3913.2,5338.0,4821.8,3917.6,2478.6,2877.5,1955.4,2628.6,3223.4,2230.7,801.5,823.7,611.9,1522.7,1760.9,1549.4,547.8,1030.4,375.8,3056.5,1436.2,1224.1,1433.0,730.9,1199.8,24 October 2022,64189.2,54961.0,9228.0
2022-11-03,44,2022-11-02,https://www.finance.gov.mv/public/attachments/1drxX5O1GK5eJeHJPjuWtwPFvms5jfCaCAgxmjV5.pdf,3,"approved, last year, this year",22779.5,24279.9,16869.2,16480.4,15355.0,12043.7,6136.5,6418.4,4050.9,311.2,2911.8,770.7,31402.5,34101.8,26432.1,23074.3,24823.3,19471.8,8328.2,9278.5,6960.3,9217.2,11431.0,8550.9,-5673.2,-6906.7,-7649.0,-8623.1,-9821.9,-9562.9,2949.9,2915.2,1913.9,2573.9,2861.7,3916.5,695.0,769.2,373.5,6236.0,6330.4,4034.5,5476.7,4821.8,4033.8,2626.4,2877.5,2081.0,2722.7,3223.4,2294.1,821.3,823.7,634.9,1524.1,1760.9,1552.6,547.8,1030.4,403.1,3203.0,1436.2,1249.1,1470.4,730.9,1242.3,24 October 2022,64189.2,54961.0,9228.0
2022-11-10,45,2022-11-10,https://www.finance.gov.mv/public/attachments/JjVADOdOjVGCLFDKJLEgzsjx2WfCVZCbqXxbivno.pdf,3,"approved, last year, this year",22971.3,24279.9,17065.0,16616.1,15355.0,12180.7,6192.4,6418.4,4107.5,311.3,2911.8,772.6,31819.1,34101.8,26922.6,23395.4,24823.3,19861.9,8423.7,9278.5,7060.7,9218.2,11431.0,8554.2,-5896.8,-6906.7,-7898.8,-8847.8,-9821.9,-9857.5,2951.0,2915.2,1958.7,2573.9,2861.7,3916.5,702.6,769.2,380.2,6322.6,6330.4,4112.3,5488.7,4821.8,4040.7,2645.0,2877.5,2102.2,2817.8,3223.4,2378.2,825.5,823.7,639.8,1524.2,1760.9,1556.1,547.8,1030.4,403.1,3332.6,1436.2,1350.8,1550.1,730.9,1280.4,07 November 2022,64162.6,54941.0,9222.0
2022-11-17,46,2022-11-17,https://www.finance.gov.mv/public/attachments/5m98i3Iz1SynyDQh2qt2K30AUiIG2WIPFnusmpsW.pdf,3,"approved, last year, this year",23695.8,24279.9,17928.3,16953.0,15355.0,12370.3,6568.7,6418.4,4778.7,322.4,2911.8,776.7,32231.0,34101.8,27412.6,23692.2,24823.3,20080.3,8538.8,9278.5,7332.2,9216.6,11431.0,8556.8,-5583.8,-6906.7,-7494.3,-8535.2,-9821.9,-9484.3,2951.4,2915.2,1990.0,2626.4,2861.7,3925.4,720.4,769.2,990.2,6445.0,6330.4,4322.2,5513.9,4821.8,4081.3,2681.2,2877.5,2116.0,2997.3,3223.4,2422.7,831.4,823.7,650.6,1531.1,1760.9,1571.9,597.8,1030.4,403.1,3360.6,1436.2,1398.2,1569.5,730.9,1280.4,07 November 2022,64162.6,54941.0,9222.0
2022-11-24,47,2022-11-24,https://www.finance.gov.mv/public/attachments/z9YNcWrzdmMeWdTdZ4owKy01x2QsOR9n69SyiLiO.pdf,3,"approved, last year, this year",24081.1,24279.9,18234.8,17297.5,15355.0,12591.6,6609.3,6418.4,4860.2,322.4,2911.8,780.3,32730.0,39949.7,28077.3,24037.0,28144.6,20558.1,8693.0,11805.1,7519.2,9367.4,11431.0,8802.3,-5692.8,-12754.5,-7805.5,-8649.0,-15669.8,-9842.5,2956.2,2915.2,2037.0,2626.4,2861.7,3929.7,721.1,769.2,1007.7,5274.0,7334.8,3767.2,5685.8,2877.5,4179.0,2738.1,4821.8,2139.3,3074.4,3223.4,2482.9,857.5,823.7,664.8,1534.0,1760.9,1578.2,597.8,1030.6,403.1,3360.6,3850.8,1398.3,1626.9,1637.6,1307.9,21 November 2022,65667.4,56445.0,9222.0
2022-12-01,48,2022-12-01,https://www.finance.gov.mv/public/attachments/AdvJ2u7LaXu2pFvyqmgKstgkgBk6KmSwyORXul8g.pdf,3,"approved, last year, this year",24792.6,24279.9,19244.6,17901.4,15355.0,13219.3,6716.0,6418.4,5006.6,325.8,2911.8,1015.8,33487.2,39949.7,29462.3,25098.9,28144.6,21528.9,8388.3,11805.1,7933.5,10146.8,11431.0,9408.7,-5738.3,-12754.6,-8160.8,-8694.5,-15669.8,-10217.7,2956.2,2915.2,2056.9,2626.4,2861.7,3936.3,768.2,769.2,1010.3,6811.7,7334.8,4841.6,5974.1,4821.8,4543.6,2886.1,2877.5,2273.4,3138.5,3223.4,2556.3,897.6,823.7,711.1,1557.6,1760.9,1588.0,597.8,1030.4,403.1,3411.8,3850.8,1413.3,1698.0,1637.6,1430.4,21 November 2022,65667.4,56445.0,9222.0
2022-12-08,49,2022-12-08,https://www.finance.gov.mv/public/attachments/cl0TqtAJ8eqHbl0SGSNBnSqEYVkmHbTLyg07WF99.pdf,3,"approved, last year, this year",24999.5,24279.9,19376.7,17984.2,15355.0,13309.1,6839.6,6418.4,5048.0,326.4,2911.8,1016.7,35367.6,39949.7,30037.6,25682.7,28144.6,21880.3,9684.9,11805.1,8157.3,10147.0,11431.0,9414.2,-7180.6,-12754.6,-8600.5,-10368.1,-15669.8,-10660.9,3187.6,2915.2,2060.3,2671.1,2861.7,3962.1,768.2,769.2,1013.1,8052.5,7334.8,4879.2,5988.6,4821.8,4559.1,2898.8,2877.5,2284.4,3196.9,3223.4,2613.4,898.5,823.7,718.2,1565.5,1760.9,1589.6,597.8,1030.4,403.1,3540.1,3850.8,1527.6,1759.9,1637.6,1433.7,05 December 2022,51260.6,42027.0,9234.0
2022-12-15,50,2022-12-15,https://www.finance.gov.mv/public/attachments/nag8c1CdcZNYnLuN72PYujChxKdTQ8GFq1csBaWX.pdf,3,"approved, last year, this year",25490.1,24279.9,19921.0,18188.2,15355.0,13539.0,7124.1,6418.4,5355.6,328.4,2911.8,1023.2,36188.8,39949.7,30543.1,26355.9,28144.6,22144.9,9832.8,11805.1,8398.2,10149.3,11431.0,9436.7,-7257.0,-12754.6,-8559.2,-10698.7,-15669.8,-10622.2,3441.7,2915.2,2062.9,2682.5,2861.7,3974.8,768.2,769.2,1037.1,8173.6,7334.8,5050.6,6015.7,4821.8,4591.8,2923.4,2877.5,2309.4,3266.2,3223.4,2680.9,908.4,823.7,732.0,1611.6,1760.9,1643.6,607.8,1030.4,403.1,3649.3,3850.8,1539.6,1762.4,1637.6,1484.9,05 December 2022,51260.6,42027.0,9234.0
2022-12-22,51,2022-12-22,https://www.finance.gov.mv/public/attachments/2t34c9RRdMe8F1NeR8ICbrtFwNNNUswUSvLdcflO.pdf,3,"approved, last year, this year",26235.7,24279.9,20525.4,18438.7,15355.0,13766.8,7616.2,6418.4,5717.5,331.4,2911.8,1037.9,36321.2,39949.7,31351.7,26600.1,28144.6,22517.6,9721.1,11805.1,8834.0,10152.5,11431.0,9490.1,-6638.1,-12754.6,-8746.7,-10085.4,-15669.8,-10826.2,3447.3,2915.2,2079.5,2692.3,2861.7,4035.2,807.6,769.2,1059.5,8681.3,7334.8,5340.7,6083.1,4821.8,4669.4,2951.0,2877.5,2330.1,3323.4,3223.4,2748.3,922.2,823.7,746.9,1701.8,1760.9,1788.0,642.9,1030.4,403.1,3650.3,3850.8,1568.6,1766.9,1637.6,1519.6,05 December 2022,67193.0,57947.0,9246.0
2022-12-29,53,2022-12-29,https://www.finance.gov.mv/public/attachments/N2ADThAKZbc0DTSOVEnpLrkkO5yC7TDWVtnKBOGR.pdf,3,"approved, last year, this year",27597.8,24279.9,21958.0,19213.7,15355.0,14681.6,8202.9,6418.4,6229.1,331.7,2911.8,1043.9,39886.6,39949.7,33037.2,27936.7,28144.6,23989.7,11949.9,11805.1,9047.5,11078.2,11431.0,10331.3,-8841.6,-12754.6,-8974.7,-12288.9,-15669.8,-11079.2,3447.3,2915.2,2104.5,2697.9,2861.7,4047.8,820.1,769.2,1075.9,8815.6,7334.8,5552.8,6572.5,4821.8,5247.7,3066.6,2877.5,2485.6,3386.2,3223.4,2843.0,968.8,823.7,802.1,1882.4,1760.9,2072.3,642.9,1030.4,467.8,3721.8,3850.8,1575.3,1852.7,1637.6,1562.4,05 December 2022,67193.0,57947.0,9246.0
2023-01-05,1,2023-01-05,https://www.finance.gov.mv/public/attachments/38X1JaDAHlUcGi6QCMhUsd66PvRoeA7WnWE9pYq4.pdf,3,"approved, last year, this year",61.9,32098.3,217.6,23.1,23539.9,122.6,38.6,6352.4,211.8,0.0,2462.1,5.5,386.1,40718.3,189.4,295.6,28636.8,152.5,90.5,12081.5,36.9,3.4,12886.1,2.4,-216.7,-5183.1,74.1,-324.3,-8620.0,28.3,107.6,3436.8,45.8,278.4,2101.1,18.5,8.3,871.4,1081.0,89.3,8552.3,5.2,8.9,4203.0,11.6,5.6,9096.0,9.5,0.0,3789.7,51.1,1.8,1040.6,2.8,32.6,1738.5,54.1,0.0,1112.4,0.0,171.0,2285.8,94.7,0.0,1045.0,-0.1,02 January 2023,66976.0,57730.0,9246.0
2023-01-12,2,2023-01-12,https://www.finance.gov.mv/public/attachments/2ZumjbXlsnC0baM6d0cMfN4XE0Sjy9dFD0ei1BB8.pdf,3,"approved, last year, this year",273.1,32098.3,489.9,163.8,23539.9,290.7,109.0,6352.4,276.5,0.0,2462.1,44.8,844.2,40718.3,446.9,568.3,28636.8,270.2,275.9,12081.5,176.6,3.8,12886.1,6.2,-457.3,-5183.1,155.4,-571.1,-8620.0,43.0,113.8,3436.8,112.4,324.9,2101.1,231.2,10.5,871.4,1081.0,287.6,8552.3,94.5,41.7,4203.0,33.0,25.1,9096.0,26.9,0.0,3789.7,97.4,16.3,1040.6,10.5,73.8,1738.5,68.1,0.0,1112.4,2.9,220.1,2285.8,109.7,131.5,1045.0,-0.1,02 January 2023,66976.0,57730.0,9246.0
2023-01-19,3,2023-01-19,https://www.finance.gov.mv/public/attachments/rtYVOZiGNa1RgIc4WF59suo0zXVBhcN38xmv8Wc7.pdf,3,"approved, last year, this year",736.8,32098.3,810.8,551.2,23539.9,535.4,184.5,6352.4,346.3,0.0,2462.1,51.2,1317.4,40718.3,700.4,896.0,28636.8,484.9,421.4,12081.5,215.4,5.0,12886.1,10.4,-466.7,-5183.1,229.6,-580.6,-8620.0,110.4,113.9,3436.8,119.2,324.9,2101.1,233.8,22.3,871.4,26.6,409.4,8552.3,119.7,91.7,4203.0,64.9,78.2,9096.0,42.8,43.6,3789.7,171.6,25.5,1040.6,16.6,89.6,1738.5,75.4,17.6,1112.4,2.9,220.1,2285.8,109.7,193.2,1045.0,20.0,02 January 2023,67871.0,58631.0,9240.0
2023-01-26,4,2023-01-26,https://www.finance.gov.mv/public/attachments/sO2ryhtmn4hAJtjn8f8VzBjbaQEJJCRc2tAODJG0.pdf,3,"approved, last year, this year",2064.3,32098.3,1364.2,1813.0,23539.9,1034.8,245.0,6352.4,397.6,5.2,2462.1,54.0,2108.7,40718.3,1296.2,1498.2,28636.8,931.5,610.4,12081.5,364.7,163.7,12886.1,279.7,221.5,-5183.1,207.3,-44.3,-8620.0,68.0,265.8,3436.8,139.3,349.8,2101.1,321.7,52.2,871.4,35.1,578.0,8552.3,246.8,704.4,4203.0,335.3,159.4,9096.0,100.9,148.0,3789.7,235.3,68.3,1040.6,52.1,91.1,1738.5,80.8,17.6,1112.4,2.9,257.8,2285.8,118.7,283.4,1045.0,67.9,17 January 2023,67871.0,58631.0,9240.0
2023-02-02,5,2023-02-02,https://www.finance.gov.mv/public/attachments/7Iwx7OUaMfJVJSWrCE30GPIzqK9RFwWuhyCfZhJJ.pdf,3,"approved, last year, this year",3809.5,32098.3,2952.6,3400.0,23539.9,2365.3,403.1,6352.4,653.7,5.2,2462.1,55.4,3514.3,40718.3,2819.4,2748.5,28636.8,2098.8,765.8,12081.5,720.6,941.2,12886.1,883.2,617.1,-5183.1,590.8,295.2,-8620.0,133.1,321.9,3436.8,457.7,446.4,2101.1,329.3,89.6,871.4,51.4,651.7,8552.3,544.8,1241.6,4203.0,781.5,405.4,9096.0,298.5,228.3,3789.7,288.6,102.8,1040.6,99.0,95.2,1738.5,83.9,67.6,1112.4,19.4,443.2,2285.8,244.2,334.6,1045.0,68.5,30 January 2023,66713.0,57467.0,9246.0
2023-02-09,6,2023-02-09,https://www.finance.gov.mv/public/attachments/xOzLIgmC97IzxuTertOFB7YT1QQNOg8dTHEOOQQE.pdf,3,"approved, last year, this year",4247.5,32098.3,3146.6,3672.0,23539.9,2505.8,569.0,6352.4,703.1,5.2,2462.1,58.4,4099.0,40718.3,3284.7,3118.6,28636.8,2449.8,980.4,12081.5,834.9,942.0,12886.1,910.8,475.0,-5183.1,321.3,148.5,-8620.0,-138.0,326.5,3436.8,459.3,446.4,2101.1,329.5,96.0,871.4,58.5,797.9,8552.3,655.5,1296.5,4203.0,804.3,431.8,9096.0,319.9,368.0,3789.7,356.7,104.9,1040.6,104.0,98.7,1738.5,88.4,67.6,1112.4,19.4,587.1,2285.8,282.4,372.6,1045.0,163.5,30 January 2023,66713.0,57467.0,9246.0
2023-02-16,7,2023-02-16,https://www.finance.gov.mv/public/attachments/phol07Kjhet39CjfjDSaQNHOLb74ONckz6ok7Hz3.pdf,3,"approved, last year, this year",4671.0,32098.3,3373.1,3943.0,23539.9,2699.6,720.0,6352.4,706.9,6.8,2462.1,87.9,4730.9,40718.3,3643.0,3526.4,28636.8,2629.3,1204.4,12081.5,1013.7,942.9,12886.1,914.6,275.2,-5183.1,198.2,-59.8,-8620.0,-269.9,335.0,3436.8,468.0,494.4,2101.1,334.7,116.7,871.4,62.4,797.9,8552.3,655.5,1370.1,4203.0,804.3,466.6,9096.0,319.9,401.1,3789.7,356.7,109.0,1040.6,104.0,100.0,1738.5,88.4,67.6,1112.4,19.4,722.8,2285.8,318.8,393.2,1045.0,173.9,13 February 2023,66993.0,57777.0,9216.0
2023-02-23,8,2023-02-23,https://www.finance.gov.mv/public/attachments/gqkv7Sqwz2Uig6XavTXGn2H8dPMju2134T7ZYeoD.pdf,3,"approved, last year, this year",4751.1,32098.3,3818.1,4004.5,23539.9,3013.9,738.5,6352.4,827.1,6.8,2462.1,98.1,5485.7,40718.3,4415.2,3946.5,28636.8,3143.7,1539.2,12081.5,1271.5,1013.1,12886.1,1077.3,-348.1,-5183.1,-127.1,-734.6,-8620.0,-597.1,386.5,3436.8,470.0,501.3,2101.1,336.7,128.5,871.4,79.5,1140.1,8552.3,994.3,1400.1,4203.0,962.4,489.4,9096.0,359.7,420.7,3789.7,512.8,109.7,1040.6,129.4,101.3,1738.5,100.2,67.6,1112.4,30.0,774.1,2285.8,399.4,458.4,1045.0,258.3,13 February 2023,66993.0,57777.0,9216.0
2023-03-02,9,2023-03-02,https://www.finance.gov.mv/public/attachments/K1hMPtpLTozrGF0rNeyY1B8aVvMgMrZKAfWhqydD.pdf,3,"approved, last year, this year",6176.4,32098.3,4944.8,5308.9,23539.9,3999.5,856.9,6352.4,956.3,9.3,2462.1,109.9,7267.6,40718.3,5715.5,5458.6,28636.8,4217.1,1809.0,12081.5,1498.4,1893.5,12886.1,1771.8,-393.4,-5183.1,-98.4,-1091.2,-8620.0,-770.7,697.7,3436.8,672.3,527.4,2101.1,456.3,163.3,871.4,120.6,1397.6,8552.3,1198.0,2163.1,4203.0,1585.5,750.9,9096.0,512.3,535.2,3789.7,554.1,199.0,1040.6,193.9,101.3,1738.5,107.7,67.6,1112.4,30.0,866.8,2285.8,472.4,470.4,1045.0,258.8,27 February 2023,68427.0,59187.0,9240.0
2023-03-09,10,2023-03-09,https://www.finance.gov.mv/public/attachments/TazYpBm0Fye5Ik730uG1pQha2VY3V8UAL0YveRDM.pdf,3,"approved, last year, this year",6359.7,32098.3,5248.7,5462.6,23539.9,4131.0,885.8,6352.4,1122.8,9.9,2462.1,115.7,7693.9,40718.3,6477.9,5653.9,28636.8,4681.9,2040.0,12081.5,1796.0,1894.3,12886.1,1780.3,-634.9,-5183.1,-450.8,-1334.2,-8620.0,-1229.2,699.3,3436.8,778.4,541.2,2101.1,586.4,163.3,871.4,130.8,1486.7,8552.3,1322.9,2203.0,4203.0,1617.6,769.8,9096.0,527.5,577.8,3789.7,608.4,203.1,1040.6,202.1,106.9,1738.5,163.8,67.6,1112.4,30.0,921.6,2285.8,507.9,520.2,1045.0,318.8,27 February 2023,68427.0,59187.0,9240.0
2023-03-16,11,2023-03-16,https://www.finance.gov.mv/public/attachments/2cVwzJYkiUaK1IqByS7YkMwWsTaxzdIiacYJxqyR.pdf,3,"approved, last year, this year",7196.1,32098.3,5684.3,5774.5,23539.9,4389.1,1404.3,6352.4,1266.7,16.0,2462.1,150.3,9225.2,40718.3,7219.5,6199.4,28636.8,4924.6,3025.9,12081.5,2294.9,2011.8,12886.1,1787.0,-1162.0,-5183.1,-717.5,-2029.2,-8620.0,-1535.2,867.2,3436.8,817.7,782.0,2101.1,597.4,211.0,871.4,142.7,2468.3,8552.3,1419.2,2270.5,4203.0,1660.9,797.1,9096.0,543.6,690.1,3789.7,689.6,212.8,1040.6,216.2,138.3,1738.5,243.3,147.6,1112.4,40.0,982.5,2285.8,567.7,526.9,1045.0,357.8,13 March 2023,68470.0,59230.0,9240.0
2023-03-23,12,2023-03-23,https://www.finance.gov.mv/public/attachments/8xHdAea33fNezenLV7z3PDjnfxIEqwOulNnxUthy.pdf,3,"approved, last year, this year",7561.8,32098.3,6166.7,6030.8,23539.9,4634.6,1513.3,6352.4,1474.9,16.4,2462.1,178.8,9936.1,40718.3,8119.0,6545.0,28636.8,5679.0,3391.1,12081.5,2439.9,2146.8,12886.1,1919.4,-1481.5,-5183.1,-754.4,-2374.3,-8620.0,-1952.3,892.8,3436.8,1197.9,788.9,2101.1,605.0,220.7,871.4,160.3,2586.3,8552.3,1541.4,2351.6,4203.0,1778.9,830.2,9096.0,579.2,752.8,3789.7,743.0,229.5,1040.6,230.4,187.3,1738.5,392.1,147.6,1112.4,40.0,997.4,2285.8,617.7,624.5,1045.0,442.9,13 March 2023,68470.0,59230.0,9240.0
2023-03-30,13,2023-03-30,https://www.finance.gov.mv/public/attachments/Hfa8GoDqyw100u0P98RhNmEKKAmYJ6vU6ICsRtJI.pdf,3,"approved, last year, this year",8495.2,32098.3,7413.3,6762.4,23539.9,5515.6,1715.0,6352.4,1833.7,16.5,2462.1,184.9,11085.2,40718.3,9443.7,7633.7,28636.8,6868.8,3451.5,12081.5,2575.0,2829.3,12886.1,2728.3,-1697.2,-5183.1,-784.7,-2590.0,-8620.0,-2030.4,892.8,3436.8,1245.7,788.9,2101.1,616.3,278.4,871.4,199.9,2699.5,8552.3,1636.5,2875.8,4203.0,2327.2,956.6,9096.0,751.6,761.8,3789.7,796.9,276.3,1040.6,290.4,336.4,1738.5,623.5,147.6,1112.4,49.4,1236.4,2285.8,788.8,628.1,1045.0,448.7,27 March 2023,68828.0,59576.0,9252.0
2023-04-06,14,2023-04-06,https://www.finance.gov.mv/public/attachments/3DfE5O2p2nvqysoXNolzdMhG5tgyXjeHW30Np9ev.pdf,3,"approved, last year, this year",9557.0,32098.3,7634.8,7208.1,23539.9,5647.9,2299.6,6352.4,1920.4,47.8,2462.1,187.1,12343.1,40718.3,9953.8,8550.7,28636.8,7098.6,3792.4,12081.5,2855.3,2962.7,12886.1,2777.6,-1403.8,-5183.1,-1026.0,-2786.0,-8620.0,-2319.0,1382.2,3436.8,1293.1,813.1,2101.1,623.3,284.8,871.4,202.2,2824.8,8552.3,1911.9,3049.5,4203.0,2385.7,1108.5,9096.0,764.6,796.3,3789.7,839.2,304.0,1040.6,297.8,476.4,1738.5,663.0,147.6,1112.4,65.9,1268.8,2285.8,824.1,758.9,1045.0,448.7,27 March 2023,68828.0,59576.0,9252.0
2023-04-13,15,2023-04-13,https://www.finance.gov.mv/public/attachments/joy6KToZYuS577ZhCNEBBgOKve5TfttwmpMdLUbs.pdf,3,"approved, last year, this year",9777.2,32098.3,7889.4,7324.6,23539.9,5809.1,2403.7,6352.4,2012.2,47.9,2462.1,188.9,12755.6,40718.3,10599.7,8760.3,28636.8,7524.6,3995.3,12081.5,3075.1,2964.1,12886.1,2779.6,-1596.0,-5183.1,-1353.9,-2978.4,-8620.0,-2710.3,1382.4,3436.8,1356.4,816.9,2101.1,634.7,287.6,871.4,209.9,3021.4,8552.3,2053.1,3090.6,4203.0,2403.0,1125.5,9096.0,780.2,811.5,3789.7,920.0,308.8,1040.6,306.2,497.0,1738.5,672.8,197.6,1112.4,65.9,1350.2,2285.8,936.1,783.1,1045.0,457.8,10 April 2023,72558.0,63318.0,9240.0
2023-04-20,16,2023-04-20,https://www.finance.gov.mv/public/attachments/K6hVJt4SR86iU0gP27KANTF0FdUM8Z72ut217dXW.pdf,3,"approved, last year, this year",10207.8,32098.3,8441.7,7629.5,23539.9,6089.8,2507.6,6352.4,2275.8,69.7,2462.1,196.8,13451.6,40718.3,11010.8,9272.3,28636.8,7785.7,4179.3,12081.5,3225.1,2965.2,12886.1,2824.2,-1669.6,-5183.1,-1168.7,-3243.8,-8620.0,-2569.1,1574.2,3436.8,1400.4,825.3,2101.1,670.6,301.3,871.4,234.4,3175.2,8552.3,2145.3,3128.8,9096.0,2472.7,1168.7,4203.0,797.6,891.2,3789.7,988.8,315.3,1040.6,314.8,523.4,1738.5,679.4,197.6,1112.4,106.5,1350.2,2285.8,936.1,807.2,1045.0,507.6,10 April 2023,72558.0,63318.0,9240.0
2023-04-27,17,2023-04-27,https://www.finance.gov.mv/public/attachments/5aQBzTlOK9jE5J36wW0Bv8koTAppcH7Yeaar9y92.pdf,3,"approved, last year, this year",10472.8,32098.3,9183.3,7848.4,23539.9,6730.4,2552.4,6352.4,2366.9,72.8,2462.1,206.4,14837.8,40718.3,12179.2,10331.4,28636.8,8901.0,4506.3,12081.5,3278.1,3774.7,12886.1,3628.0,-2790.0,-5183.1,-1553.0,-4365.0,-8620.0,-2995.9,1575.0,3436.8,1442.9,857.2,2101.1,700.5,303.7,871.4,269.3,4000.1,8552.3,2190.4,3266.5,9096.0,2856.7,1210.8,4203.0,900.8,904.8,3789.7,1056.5,330.2,1040.6,360.9,523.4,1738.5,682.3,197.6,1112.4,106.5,1434.5,2285.8,1001.1,847.8,1045.0,556.3,24 April 2023,72401.0,63191.0,9210.0
2023-05-04,18,2023-05-04,https://www.finance.gov.mv/public/attachments/ZpapmM65D4gUWtCWlE9cke6gtuTT54DaXjb28B35.pdf,3,"approved, last year, this year",11665.6,32098.3,9713.4,8902.6,23539.9,7181.8,2680.0,6352.4,2444.6,83.6,2462.1,207.3,15907.1,40718.3,12421.7,10726.8,28636.8,9028.2,5180.3,12081.5,3393.5,3927.9,12886.1,3666.8,-2634.1,-5183.1,-1233.9,-4241.5,-8620.0,-2708.3,1607.5,3436.8,1474.4,884.5,2101.1,714.1,360.5,871.4,285.4,4000.1,8552.3,2190.4,3864.8,9096.0,3041.6,1456.3,4203.0,1056.5,980.7,3789.7,1124.9,395.2,1040.6,379.6,523.4,1738.5,682.3,197.6,1112.4,123.1,1494.2,2285.8,1001.1,862.0,1045.0,567.9,24 April 2023,72401.0,63191.0,9210.0
2023-05-11,19,2023-05-11,https://www.finance.gov.mv/public/attachments/Ii61wqiFlPNFSx8YOSam0oFOV9rlGiwQYHmG1hir.pdf,3,"approved, last year, this year",12284.7,32098.3,9911.5,9231.4,23539.9,7317.8,2906.4,6352.4,2500.0,147.2,2462.1,214.2,16458.0,40718.3,12957.6,11100.9,28636.8,9484.7,5357.1,12081.5,3472.9,3932.6,12886.1,3668.8,-2463.7,-5183.1,-1515.6,-4173.3,-8620.0,-3046.0,1709.6,3436.8,1530.4,957.6,2101.1,717.6,381.4,871.4,287.1,4248.3,8552.3,2366.7,3900.2,9096.0,3070.7,1512.1,4203.0,1076.0,1155.2,3789.7,1177.8,403.0,1040.6,396.0,523.9,1738.5,684.9,197.6,1112.4,133.1,1604.0,2285.8,1104.3,870.3,1045.0,610.0,08 May 2023,73691.0,64463.0,9228.0
2023-05-18,20,2023-05-18,https://www.finance.gov.mv/public/attachments/yy9RxWLlACq6zXgwpZCbG7iv7Ul6RGtDiwoibcsc.pdf,3,"approved, last year, this year",12769.2,32098.3,10407.3,9586.3,23539.9,7524.4,3000.0,6352.4,2589.2,183.1,2462.1,416.3,16917.8,40718.3,13401.5,11413.2,28636.8,9785.2,5504.6,12081.5,3616.2,3935.7,12886.1,3672.3,-2438.7,-5183.1,-1457.5,-4148.5,-8620.0,-2994.2,1709.8,3436.8,1536.7,960.8,2101.1,776.2,386.4,871.4,298.0,4384.4,8552.3,2416.6,3953.4,9096.0,3108.8,1562.2,4203.0,1097.1,1216.2,3789.7,1240.4,413.4,1040.6,405.0,527.0,1738.5,695.6,197.6,1112.4,162.3,1604.0,2285.8,1246.3,909.9,1045.0,654.8,08 May 2023,73691.0,64463.0,9228.0
2023-05-25,21,2023-05-25,https://www.finance.gov.mv/public/attachments/PxaMW8r1ilmjfVY1WJo4mwobMK0spTaSY16ItSs6.pdf,3,"approved, last year, this year",13393.6,32098.3,10965.2,10064.2,23539.9,7944.7,3138.5,6352.4,2717.4,191.1,2462.1,425.7,17714.6,40718.3,14216.2,11977.4,28636.8,10380.9,5737.2,12081.5,3835.3,4071.9,12886.1,3871.1,-2490.4,-5183.1,-1628.2,-4321.0,-8620.0,-3251.0,1830.6,3436.8,1622.8,960.8,2101.1,1669.9,433.1,871.4,328.7,4591.9,8552.3,2530.1,4182.4,9096.0,3316.3,1635.4,4203.0,1148.7,1296.4,3789.7,1322.5,444.6,1040.6,434.5,527.1,1738.5,728.9,197.6,1112.4,172.0,1671.0,2285.8,1278.9,984.1,1045.0,728.3,22 May 2023,72925.0,63733.0,9192.0
2023-06-01,22,2023-06-01,https://www.finance.gov.mv/public/attachments/JZAWMLrARwhECintNmOIJhf2bIJMIIQobml7IIll.pdf,3,"approved, last year, this year",14059.4,32098.3,11663.2,10675.4,23539.9,8522.3,3193.3,6352.4,2833.2,191.1,2462.1,429.0,18985.4,40718.3,15585.9,13108.2,28636.8,11300.5,5877.2,12081.5,4285.3,4916.1,12886.1,4591.5,-3095.4,-5183.1,-2272.5,-4926.0,-8620.0,-3922.7,1830.6,3436.8,1650.2,961.2,2101.1,1688.3,470.2,871.4,360.6,4724.9,8552.3,2975.9,4547.1,9096.0,3596.5,1813.7,4203.0,1331.3,1312.2,3789.7,1384.0,477.3,1040.6,477.2,527.2,1738.5,729.0,207.6,1112.4,208.0,1728.8,2285.8,1342.7,1004.3,1045.0,765.4,22 May 2023,72925.0,63733.0,9192.0
2023-06-08,23,2023-06-08,https://www.finance.gov.mv/public/attachments/gTX4AuxlOciZcU3ht4ss7bMTkO76PA7EtToX6CG8.pdf,3,"approved, last year, this year",14528.8,32098.3,11869.3,11076.7,23539.9,8668.7,3261.6,6352.4,2887.6,191.4,2462.1,432.7,19616.8,40718.3,15982.8,13385.2,28636.8,11595.9,6231.5,12081.5,4386.9,4918.9,12886.1,4605.0,-3200.5,-5183.1,-2433.5,-5088.0,-8620.0,-4113.4,1887.5,3436.8,1680.0,1044.0,2101.1,1688.8,479.8,871.4,363.6,5037.3,8552.3,3067.3,4563.6,9096.0,3612.3,1831.6,4203.0,1350.5,1387.9,3789.7,1479.8,479.1,1040.6,480.1,532.0,1738.5,736.8,207.6,1112.4,209.1,1843.2,2285.8,1460.7,1004.3,1045.0,794.9,05 June 2023,73659.0,64407.0,9252.0
2023-06-15,24,2023-06-15,https://www.finance.gov.mv/public/attachments/Jfh6eUnUx1BkErx4u7tn1JQXOm20TyTAW2oLwBEc.pdf,3,"approved, last year, this year",14677.0,32098.3,12340.2,11165.5,23539.9,8881.8,3309.5,6352.4,3142.8,202.9,2462.1,435.3,19898.6,40718.3,16617.7,13618.3,28636.8,12048.4,6280.4,12081.5,4569.2,4920.3,12886.1,4611.6,-3226.2,-5183.1,-2555.9,-5221.7,-8620.0,-4277.5,1995.4,3436.8,1721.6,1047.3,2101.1,1784.5,489.5,871.4,376.6,5177.7,8552.3,3227.4,4582.9,9096.0,3622.7,1862.0,4203.0,1386.9,1387.8,3789.7,1550.6,485.4,1040.6,488.1,552.6,1738.5,779.9,207.6,1112.4,209.1,1864.0,2285.8,1579.1,1031.0,1045.0,796.7,05 June 2023,73659.0,64407.0,9252.0
2023-06-22,25,2023-06-22,https://www.finance.gov.mv/public/attachments/zUaKkutBqaGStERvvtU70nJVcj6SSm9VL0EzYF2f.pdf,3,"approved, last year, this year",15609.3,32098.3,15487.3,11779.1,23539.9,11204.2,3620.2,6352.4,3963.9,213.2,2462.1,469.3,22204.4,40718.3,20991.9,15403.9,28636.8,15496.0,6800.5,12081.5,5495.9,5894.2,12886.1,6342.9,-4584.6,-5183.1,-3510.0,-6595.0,-8620.0,-5504.6,2010.4,3436.8,1994.5,1057.5,2101.1,2040.4,499.5,871.4,384.8,5408.7,8552.3,3345.3,4637.8,9096.0,4041.4,2030.9,4203.0,1636.6,1470.0,3789.7,1871.4,505.1,1040.6,570.5,652.1,1738.5,1150.9,556.3,1112.4,228.5,2120.3,2285.8,2139.1,1110.5,1045.0,924.8,19 June 2023,74008.0,64768.0,9240.0
2023-07-06,26,2023-07-06,https://www.finance.gov.mv/public/attachments/1CmrfVvspI8Qa283CT07k32wTy82xlseVm3b6p7X.pdf,3,"approved, last year, this year",16848.5,32098.3,14740.7,12697.0,23539.9,10652.5,3927.5,6352.4,3745.5,228.3,2462.1,461.9,22799.4,40718.3,19460.1,15775.0,28636.8,14142.4,7024.4,12081.5,5317.7,5897.3,12886.1,5546.4,-3839.3,-5183.1,-2764.0,-5950.9,-8620.0,-4719.4,2111.7,3436.8,1955.3,1361.5,2101.1,2018.4,538.0,871.4,436.6,5503.6,8552.3,3780.9,4983.8,9096.0,3965.7,2267.3,4203.0,1586.5,1545.5,3789.7,1756.6,542.0,1040.6,549.6,873.1,1738.5,1147.8,568.8,1112.4,228.5,2220.6,2285.8,1937.5,1154.8,1045.0,904.1,03 July 2023,73607.0,64373.0,9234.0
2023-07-13,27,2023-07-13,https://www.finance.gov.mv/public/attachments/Hyl2gfswieHXkIeKtN4uPK75ksmOqoyQ9umYPZTD.pdf,3,"approved, last year, this year",16967.0,32098.3,14983.6,12797.0,23539.9,10750.0,3941.5,6352.4,3891.0,232.6,2462.1,462.1,23587.2,40718.3,19511.8,15955.6,28636.8,14169.1,7631.7,12081.5,5342.7,5901.6,12886.1,5548.5,-4507.8,-5183.1,-2572.8,-6620.2,-8620.0,-4528.1,2112.4,3436.8,1955.3,1361.5,2101.1,2018.8,552.3,871.4,438.3,6109.3,8552.3,3803.4,4983.8,9096.0,3971.1,2276.4,4203.0,1594.0,1636.0,3789.7,1795.8,542.0,1040.6,552.7,873.1,1738.5,1148.9,568.8,1112.4,271.3,2227.6,2285.8,1937.5,1207.2,1045.0,901.5,03 July 2023,73607.0,64373.0,9234.0
2023-07-20,28,2023-07-20,https://www.finance.gov.mv/public/attachments/nwHM5Uz1ccbjEbng4aYYgskMG43OSLisPMRCJSU6.pdf,3,"approved, last year, this year",18567.7,32098.3,15419.4,13947.7,23539.9,11115.0,4366.7,6352.4,3987.6,257.3,2462.1,466.9,23963.0,40718.3,20112.1,16149.3,28636.8,14728.1,7813.7,12081.5,5384.0,5902.3,12886.1,5700.7,-3265.8,-5183.1,-2709.4,-5395.3,-8620.0,-4692.7,2129.4,3436.8,1983.3,1377.5,2101.1,2040.4,552.3,871.4,457.9,6170.4,8552.3,3837.6,5065.1,9096.0,4019.4,2320.4,4203.0,1627.6,1739.1,3789.7,1861.2,555.8,1040.6,566.6,907.9,1738.5,1150.3,578.8,1112.4,271.3,2227.6,2285.8,2086.4,1205.4,1045.0,921.7,17 July 2023,73363.0,64135.0,9228.0
2023-07-27,29,2023-07-27,https://www.finance.gov.mv/public/attachments/Wzzw3sWzstNxsY7vxnhWPm31KAHCG4wiol6bVpBN.pdf,3,"approved, last year, this year",18867.6,32098.3,16626.7,14203.2,23539.9,12240.9,4416.8,6352.4,4063.4,251.6,2462.1,472.5,25680.4,40718.3,21326.4,17689.4,28636.8,15700.9,7991.0,12081.5,5625.4,6736.7,12886.1,6425.9,-4590.6,-5183.1,-2705.1,-6812.8,-8620.0,-4699.7,2222.3,3436.8,1994.6,1413.5,2101.1,2040.4,552.3,871.4,486.5,6320.2,8552.3,4014.0,5121.6,9096.0,4178.7,2368.7,4203.0,1684.9,1828.4,3789.7,1941.6,559.7,1040.6,593.0,909.7,1738.5,1150.9,578.8,1112.4,271.3,2374.0,2285.8,2143.7,1324.2,1045.0,930.2,17 July 2023,73363.0,64135.0,9228.0
2023-08-03,30,2023-08-03,https://www.finance.gov.mv/public/attachments/t0oS3hyHRcs0yMlsQdFsaqELCcnEiqOzzlzTOoIU.pdf,3,"approved, last year, this year",20667.8,32098.3,17957.5,15879.9,23539.9,12909.4,4529.6,6352.4,4713.8,262.2,2462.1,484.6,26450.0,40718.3,22068.4,18174.5,28636.8,16040.5,8275.5,12081.5,6028.0,6884.3,12886.1,6455.7,-3513.1,-5183.1,-2040.8,-5782.2,-8620.0,-4110.9,2269.1,3436.8,2070.1,1413.5,2101.1,2127.0,552.3,871.4,493.2,6548.1,8552.3,4294.7,5550.1,9096.0,4297.1,2633.1,4203.0,1860.5,1909.6,3789.7,2049.1,621.9,1040.6,611.9,925.9,1738.5,1150.9,580.7,1112.4,304.1,2523.1,2285.8,2238.9,1346.2,1045.0,959.7,31 July 2023,73902.0,64680.0,9222.0
2023-08-10,31,2023-08-10,https://www.finance.gov.mv/public/attachments/UjkoVauNPZr4LvjbB6ijOUSuvmrJ4d1GoRvugyIi.pdf,3,"approved, last year, this year",21007.3,32098.3,18075.9,16108.8,23539.9,13000.7,4655.7,6352.4,4737.7,264.0,2462.1,487.7,26998.9,40718.3,22553.8,18640.7,28636.8,16488.4,8358.2,12081.5,6065.4,6896.4,12886.1,6457.0,-3481.4,-5183.1,-2402.8,-5991.6,-8620.0,-4478.0,2510.2,3436.8,2075.2,1499.9,2101.1,2181.2,552.3,871.4,493.8,6614.9,8552.3,4381.6,5563.4,9096.0,4301.2,2665.0,4203.0,1867.7,1989.6,3789.7,2083.8,622.7,1040.6,615.9,945.3,1738.5,1150.9,580.7,1112.4,304.1,2575.1,2285.8,2444.9,1357.3,1045.0,997.6,31 July 2023,73902.0,64680.0,9222.0
2023-08-17,32,2023-08-17,https://www.finance.gov.mv/public/attachments/WUlBp7okMkign9Y1ZRkSoDLh2vIjjRZ79AwHrhoT.pdf,3,"approved, last year, this year",21322.8,32098.3,18431.6,16360.3,23539.9,13239.5,4719.4,6352.4,4851.8,264.1,2462.1,490.4,27668.7,40718.3,23059.2,19052.3,28636.8,16731.4,8616.3,12081.5,6327.9,6897.2,12886.1,6458.8,-3826.0,-5183.1,-2448.5,-6345.9,-8620.0,-4627.7,2520.0,3436.8,2179.2,1557.7,2101.1,2197.6,552.3,871.4,512.1,7268.5,8552.3,4601.2,5631.7,9096.0,4322.5,2703.9,4203.0,1894.7,2007.9,3789.7,2144.5,632.4,1040.6,620.9,958.2,1738.5,1124.3,580.7,1112.4,304.1,2632.8,2285.8,2445.0,1357.8,1045.0,1028.9,14 August 2023,73847.0,64607.0,9240.0
2023-08-24,33,2023-08-24,https://www.finance.gov.mv/public/attachments/xO2XjybjaPuY3WfFFdV5VlbdKPHxDrEYyYTXkoUe.pdf,3,"approved, last year, this year",21840.7,32098.3,18759.8,16611.1,23539.9,13496.6,4984.2,6352.4,4913.4,271.8,2462.1,499.5,28692.7,40718.3,23688.7,19411.3,28636.8,17161.8,9281.4,12081.5,6526.9,7034.9,12886.1,6690.7,-4324.6,-5183.1,-2730.4,-6852.0,-8620.0,-4928.9,2527.4,3436.8,2198.4,1558.4,2101.1,2211.4,644.1,871.4,527.0,7422.4,8552.3,4770.7,5746.3,9096.0,4389.3,2756.3,4203.0,1924.7,2039.7,3789.7,2224.2,651.2,1040.6,631.4,965.5,1738.5,1124.8,658.4,1112.4,304.1,2650.6,2285.8,2445.3,1379.7,1045.0,1045.6,14 August 2023,73847.0,64607.0,9240.0
2023-08-31,34,2023-08-31,https://www.finance.gov.mv/public/attachments/N3v5pbUtTtkuuW2LrUteJwDOpDm0AbSE3dMP26TR.pdf,3,"approved, last year, this year",22685.0,32098.3,19690.2,17296.5,23539.9,14111.7,5064.1,6352.4,5034.7,350.7,2462.1,693.2,30111.3,40718.3,25037.3,20560.0,28636.8,18208.9,9551.3,12081.5,6828.4,7882.2,12886.1,7370.1,-4893.4,-5183.1,-3064.4,-7426.3,-8620.0,-5347.1,2532.9,3436.8,2282.7,1558.4,2101.1,2430.7,693.5,871.4,561.7,7422.4,8552.3,4770.7,6071.7,9096.0,4679.6,3004.0,4203.0,2068.3,2054.8,3789.7,2288.8,686.9,1040.6,681.6,965.5,1738.5,1125.2,658.4,1112.4,336.9,2714.9,2285.8,2503.6,1431.3,1045.0,1101.1,28 August 2023,73974.0,64734.0,9240.0
2023-09-07,35,2023-09-07,https://www.finance.gov.mv/public/attachments/jMgS4OPQfuZV4bLBEe4UZtsRECxZEbal6DBZqy9v.pdf,3,"approved, last year, this year",22993.0,32098.3,19895.3,17523.3,23539.9,14247.9,5143.4,6352.4,5086.4,352.5,2462.1,709.4,30835.0,40718.3,25446.8,21036.7,28636.8,18510.9,9798.4,12081.5,6935.9,7882.8,12886.1,7379.0,-5058.3,-5183.1,-3264.4,-7842.1,-8620.0,-5551.5,2783.8,3436.8,2287.2,1832.2,2101.1,2434.6,693.5,871.4,563.4,7755.0,8552.3,5107.3,6094.0,9096.0,4693.6,3027.8,4203.0,2089.2,2218.2,3789.7,2365.0,693.8,1040.6,684.0,969.7,1738.5,1127.1,658.4,1112.4,336.9,2764.4,2285.8,2641.2,1475.1,1045.0,1144.2,28 August 2023,73974.0,64734.0,9240.0
2023-09-14,36,2023-09-14,https://www.finance.gov.mv/public/attachments/MYyCdc3JQXx2YNK9ToyLzRDvUmSxU6VyYCXO6gMf.pdf,3,"approved, last year, this year",23230.2,32098.3,20150.7,17693.6,23539.9,14414.5,5210.2,6352.4,5169.8,352.5,2462.1,714.8,31234.2,40718.3,25950.9,21361.7,28636.8,18867.1,9872.5,12081.5,7083.8,7883.1,12886.1,7380.1,-5220.2,-5183.1,-3335.7,-8004.0,-8620.0,-5800.2,2783.8,3436.8,2464.5,1832.2,2101.1,2441.9,693.5,871.4,572.8,7794.6,8552.3,5231.5,6126.1,9096.0,4704.1,3050.9,4203.0,2111.4,2265.9,3789.7,2427.4,696.8,1040.6,688.2,989.9,1738.5,1149.3,658.4,1112.4,336.9,2831.0,2285.8,2660.1,1469.2,1045.0,1191.4,12 September 2023,75251.0,66023.0,9228.0
2023-09-21,37,2023-09-21,https://www.finance.gov.mv/public/attachments/oYdHxY995iKtuRiNTwIkgHXEs39fVSPqnGgIB8HD.pdf,3,"approved, last year, this year",23908.3,32098.3,20603.4,17896.1,23539.9,14642.5,5686.9,6352.4,5382.3,351.5,2462.1,726.9,32149.5,40718.3,26795.1,21761.3,28636.8,19615.4,10388.2,12081.5,7179.6,7923.1,12886.1,7392.9,-5427.9,-5183.1,-3344.8,-8241.2,-8620.0,-6191.6,2813.2,3436.8,2846.8,1853.8,2101.1,2459.4,724.8,871.4,579.3,8240.2,8552.3,5286.4,6166.7,9096.0,4748.8,3101.4,4203.0,2139.5,2283.0,3789.7,2484.4,709.0,1040.6,699.3,1049.8,1738.5,1192.2,658.4,1112.4,446.9,2894.6,2285.8,2754.8,1475.1,1045.0,1191.5,12 September 2023,75251.0,66023.0,9228.0
2023-09-28,38,2023-09-28,https://www.finance.gov.mv/public/attachments/4T6C4Y6OLZ6uuJvbhPPWgOjncdMb5SWsT0ndnrbr.pdf,3,"approved, last year, this year",24862.3,32098.3,21534.4,18075.9,23539.9,15303.3,6374.6,6352.4,5646.6,437.8,2462.1,732.3,33935.8,40718.3,28107.5,23394.4,28636.8,20729.1,10541.3,12081.5,7378.3,8827.6,12886.1,8208.8,-5881.2,-5183.1,-3669.3,-9073.4,-8620.0,-6573.1,3192.2,3436.8,2903.8,1853.8,2101.1,2469.3,724.8,871.4,625.6,8325.5,8552.3,5448.5,6274.4,9096.0,5043.2,3132.1,4203.0,2303.8,2287.1,3789.7,2566.9,726.7,1040.6,754.5,1140.9,1738.5,1355.0,658.4,1112.4,446.9,3018.2,2285.8,2804.8,1532.6,1045.0,1253.2,25 September 2023,76222.0,67000.0,9222.0
2023-10-05,39,2023-10-05,https://www.finance.gov.mv/public/attachments/CXU9zl5Tpul60tdZOhF0PSWMOF6PYdsJlPqMJ9AG.pdf,3,"approved, last year, this year",25892.6,32098.3,21882.4,18799.9,23539.9,15488.9,6654.5,6352.4,5802.9,463.9,2462.1,738.5,35431.4,40718.3,28479.9,23792.0,28636.8,20729.1,11639.4,12081.5,7750.8,8883.7,12886.1,8208.8,-6227.4,-5183.1,-3642.2,-9538.9,-8620.0,-6597.6,3311.5,3436.8,2955.4,1853.8,2101.1,2518.8,777.3,871.4,628.0,9260.7,8552.3,5843.5,6641.0,9096.0,5043.2,3363.3,4203.0,2303.8,2315.8,3789.7,2566.9,766.4,1040.6,754.5,1314.1,1738.5,1355.0,658.4,1112.4,603.2,3118.2,2285.8,2804.8,1532.6,1045.0,1253.2,25 September 2023,76222.0,67000.0,9222.0
2023-10-12,40,2023-10-12,https://www.finance.gov.mv/public/attachments/sas1RdpIVAyxVZb9o9m0yfrWOV4FZ2NSbvSXVpKB.pdf,3,"approved, last year, this year",26357.1,32098.3,22263.4,19113.4,23539.9,15662.1,6781.3,6352.4,6007.6,488.3,2462.1,742.4,35924.9,40718.3,29428.6,24143.0,28636.8,21490.5,11781.9,12081.5,7938.1,8887.7,12886.1,8317.9,-6140.1,-5183.1,-4153.1,-9567.8,-8620.0,-7165.2,3427.7,3436.8,3012.0,1890.9,2101.1,2524.6,777.3,871.4,640.6,9260.7,8552.3,6091.7,6670.2,9096.0,5107.6,3397.0,4203.0,2377.7,2498.0,3789.7,2698.3,773.8,1040.6,767.2,1334.5,1738.5,1503.0,658.4,1112.4,603.2,3188.6,2285.8,2978.3,1529.6,1045.0,1375.6,09 October 2023,75792.0,66582.0,9210.0
2023-10-19,41,2023-10-19,https://www.finance.gov.mv/public/attachments/hsuErrvu6h631aDny7MEtWKLKbiF23Umwa7qOzOI.pdf,3,"approved, last year, this year",26627.0,32098.3,22608.0,19326.0,23539.9,15913.1,6853.1,6352.4,6093.4,473.9,2462.1,750.0,36312.3,40718.3,30075.7,24455.7,28636.8,21975.3,11856.6,12081.5,8100.3,8888.4,12886.1,8320.6,-6257.4,-5183.1,-4396.1,-9685.3,-8620.0,-7467.6,3427.9,3436.8,3071.6,1896.8,2101.1,2563.6,795.0,871.4,652.4,9260.7,8552.3,6117.4,6720.8,9096.0,5173.8,3426.9,4203.0,2405.1,2553.4,3789.7,2775.4,779.7,1040.6,774.7,1342.8,1738.5,1520.7,658.4,1112.4,603.2,3245.4,2285.8,2996.4,1541.8,1045.0,1407.2,09 October 2023,75792.0,66582.0,9210.0
2023-10-26,42,2023-10-26,https://www.finance.gov.mv/public/attachments/oQbuoytkmcWSts1WECgXPcDoKhEAm304Wyeg7R3R.pdf,3,"approved, last year, this year",27179.4,32098.3,23420.6,19705.9,23539.9,16616.6,7022.3,6352.4,6196.1,477.5,2462.1,756.2,37641.2,40718.3,31623.0,25542.1,28636.8,23244.8,12099.1,12081.5,8378.2,9762.3,12886.1,9217.7,-7033.4,-5183.1,-5064.8,-10461.8,-8620.0,-8202.4,3428.3,3436.8,3137.6,1900.6,2101.1,2569.2,795.0,871.4,692.4,9260.8,8552.3,6117.4,6865.0,9096.0,5464.9,3495.3,4203.0,2614.8,2682.6,3789.7,2864.6,797.3,1040.6,820.3,1345.9,1738.5,1523.4,658.4,1112.4,603.2,3266.3,2285.8,3115.5,1555.4,1045.0,1426.7,23 October 2023,77019.0,67809.0,9210.0
2023-11-02,43,2023-11-02,https://www.finance.gov.mv/public/attachments/vicg1nCZSqF2YvAiYUZRVyFZ2Sn69TFMxujQ5IKU.pdf,3,"approved, last year, this year",28057.7,32098.3,23566.7,20449.8,23539.9,16723.5,7149.3,6352.4,6229.7,484.7,2462.1,761.9,38221.0,40718.3,32055.5,25900.1,28636.8,23478.0,12320.9,12081.5,8577.5,9903.3,12886.1,9255.6,-6734.8,-5183.1,-5346.3,-10163.3,-8620.0,-8488.8,3428.5,3436.8,3142.5,1900.7,2101.1,2569.2,845.3,871.4,695.9,9260.8,8552.3,6521.5,7149.5,9096.0,5475.5,3770.7,4203.0,2644.8,2754.9,3789.7,2911.8,833.6,1040.6,821.1,1349.8,1738.5,1524.2,658.4,1112.4,603.2,3347.4,2285.8,3203.0,1570.7,1045.0,1464.6,23 October 2023,77019.0,67809.0,9210.0
2023-11-09,44,2023-11-09,https://www.finance.gov.mv/public/attachments/MxmkqteQzXbV4DuKpO2Up5dHlWz5AB9UubgHQhgs.pdf,3,"approved, last year, this year",28155.6,32098.3,23566.7,20527.6,23539.9,16723.5,7171.0,6352.4,6229.7,482.9,2462.1,761.9,38538.4,40718.3,32055.5,26061.7,28636.8,23478.0,12476.7,12081.5,8577.5,9904.2,12886.1,9255.6,-6954.4,-5183.1,-5346.3,-10382.9,-8620.0,-8488.8,3428.5,3436.8,3142.5,1900.7,2101.1,2569.2,851.4,871.4,702.7,9260.8,8552.3,6599.6,7173.3,9096.0,5475.5,3780.7,4203.0,2644.8,2789.1,3789.7,2911.8,835.3,1040.6,821.1,1351.2,1738.5,1524.2,658.4,1112.4,603.2,3427.4,2285.8,3203.0,1570.7,1045.0,1464.6,23 October 2023,77019.0,67809.0,9210.0
2023-11-16,45,2023-11-16,https://www.finance.gov.mv/public/attachments/X2triDXiwPrpYFam91yLzt6Xj0rKmnW28kWvrVf4.pdf,3,"approved, last year, this year",28716.0,32497.4,23911.0,20914.0,23539.9,16723.5,7337.9,6683.9,6574.0,490.2,2529.7,761.9,39545.6,47227.6,32633.5,26801.4,31757.2,23992.0,12744.3,15470.4,8641.5,9907.3,12886.1,9256.6,-7286.4,-11293.3,-5579.9,-10829.6,-14730.2,-8722.5,3543.2,3436.8,3142.5,1991.6,2101.1,2569.2,873.2,871.4,720.5,9260.8,10334.5,6710.0,7204.0,4203.0,5509.2,3816.4,9096.0,2696.7,2972.2,3789.7,3044.1,846.6,1040.6,829.8,1366.8,1738.5,1530.6,658.4,1112.4,603.2,3637.2,4325.0,3355.3,1570.2,2306.1,1584.8,23 October 2023,77019.0,67809.0,9210.0
2023-11-23,46,2023-11-23,https://www.finance.gov.mv/public/attachments/13ePSSZx7VnaXokqZlMiNaigiBwO3IMbmdJ0WcE6.pdf,3,"approved, last year, this year",29330.5,32497.4,24851.0,21175.2,23539.9,17353.1,7390.0,6683.9,6667.7,491.3,2529.7,980.6,40066.0,47227.6,33256.0,27115.3,31757.2,24269.3,12950.7,15470.4,8986.8,9910.7,12886.1,9261.6,-7188.3,-11293.3,-5240.3,-10735.4,-14730.2,-8405.1,3547.1,3436.8,3164.7,1991.6,2101.1,2625.1,886.7,871.4,738.0,10416.3,10334.5,6787.9,7332.9,9096.0,5625.8,3868.8,4203.0,2747.6,3023.7,3789.7,3121.9,863.9,1040.6,847.4,1370.8,1738.5,1534.1,658.4,1112.4,603.2,3637.2,4325.0,3409.8,1725.4,2306.1,1626.0,20 November 2023,77359.0,68137.0,9222.0
2023-11-30,47,2023-11-30,https://www.finance.gov.mv/public/attachments/CvtfM0eu2h5VS23pJOAdd8JMyG2aO9QDhHVu3BGy.pdf,3,"approved, last year, this year",30528.5,32497.4,25744.9,22188.5,23539.9,18027.8,7567.2,6683.9,6879.7,498.8,2529.7,987.9,41840.3,47227.6,34622.0,28608.5,31757.2,25469.1,13231.7,15470.4,9152.9,10925.5,12886.1,10198.7,-7749.2,-11293.3,-5664.8,-11311.7,-14730.2,-8877.1,3562.6,3436.8,3212.3,2006.6,2101.1,2661.8,920.2,871.4,770.1,10604.2,10334.5,5231.5,7917.7,9096.0,5978.9,4107.4,4203.0,2909.9,3099.2,3789.7,3188.9,917.1,1040.6,897.2,1384.5,1738.5,1534.1,711.1,1112.4,736.5,3725.8,4325.0,3409.9,1799.4,2306.1,1687.8,20 November 2023,77359.0,68137.0,9222.0
2023-12-07,48,2023-12-07,https://www.finance.gov.mv/public/attachments/QYu5bzXZ4wmy0WionAG1AUH0ZcoazFJOPJeEbILU.pdf,3,"approved, last year, this year",30846.5,32497.4,25880.5,22359.3,23539.9,18146.9,7655.7,6683.9,6879.7,557.6,2529.7,1004.4,42262.2,47227.6,36406.2,28820.4,31757.2,25469.1,13441.8,15470.4,10937.1,10934.2,12886.1,10198.7,-7791.0,-11293.3,-7079.8,-11415.7,-14730.2,-10525.7,3624.8,3436.8,3445.9,2032.9,2101.1,2666.5,924.5,871.4,772.0,10744.5,10334.5,8103.2,7961.1,9096.0,5978.9,4124.9,4203.0,2909.9,3205.1,3789.7,3188.9,920.7,1040.6,897.2,1402.4,1738.5,1534.1,711.1,1112.4,736.5,3725.8,4325.0,3409.9,1799.4,2306.1,1687.8,04 December 2023,78280.0,69040.0,9240.0
2023-12-14,49,2023-12-14,https://www.finance.gov.mv/public/attachments/ZaMqUmCyiaCEA7PsAnjrYqPr2JahEAaUjIUgtmRf.pdf,3,"approved, last year, this year",31150.3,32497.4,26524.3,22498.6,23539.9,18358.2,7772.5,6683.9,7307.6,605.2,2529.7,1008.9,43087.9,47227.6,37473.8,29391.6,31757.2,26301.2,13696.4,15470.4,11172.6,10937.2,12886.1,10204.2,-8177.6,-11293.3,-7502.8,-11937.6,-14730.2,-10949.5,3760.0,3436.8,3446.8,2061.7,2101.1,2674.6,937.0,870.6,782.9,10968.8,10338.2,8304.0,7990.7,9096.0,6015.8,4150.7,4203.0,2952.8,3241.8,3789.7,3336.5,927.4,1040.6,908.4,1439.3,1738.5,1611.8,711.1,1112.4,736.5,3814.6,4325.0,3649.3,1963.2,2306.1,1763.8,04 December 2023,78280.0,69040.0,9240.0
2023-12-21,50,2023-12-21,https://www.finance.gov.mv/public/attachments/ihBQcaXn3bZk7mu53kmqw1L32MpfoLArx9S2hIk8.pdf,3,"approved, last year, this year",31632.4,32497.4,27242.7,22781.7,23539.9,18598.4,8097.1,6683.9,7767.3,479.6,2529.7,1027.6,44600.7,47227.6,38407.1,30028.5,31757.2,26708.1,14572.2,15470.4,11699.0,10938.4,12886.1,10209.6,-9088.1,-11293.3,-7711.9,-12968.3,-14730.2,-11164.4,3880.2,3436.8,3452.4,2097.9,2101.1,2693.1,954.2,870.6,808.3,11137.9,10338.2,8304.0,8021.3,9096.0,6061.3,4194.0,4203.0,2978.6,3354.0,3789.7,3421.2,936.5,1040.6,920.1,1525.7,1738.5,1667.7,710.0,1112.4,736.5,3864.3,4325.0,3664.0,2103.9,2306.1,1768.8,18 December 2023,78507.0,69267.0,9240.0
2023-12-28,51,2023-12-28,https://www.finance.gov.mv/public/attachments/a3mREbbnTPURTk0GQJ2xJff52K1lVBIJYht8wYXl.pdf,3,"approved, last year, this year",31807.8,32497.4,28957.1,22881.6,23539.9,19469.7,8136.7,6683.9,8595.9,515.5,2529.7,1040.8,46859.1,47227.6,39822.2,31737.1,31757.2,27879.6,15122.0,15470.4,11942.6,11942.9,12886.1,11084.7,-11155.9,-11293.3,-7412.7,-15051.3,-14730.2,-10865.1,3895.3,3436.8,3452.4,2102.4,2101.1,2693.1,954.2,870.6,832.6,12169.1,10338.2,8935.0,8021.3,9096.0,6595.8,4249.7,4203.0,3161.8,3391.6,3789.7,3482.9,936.5,1040.6,972.6,1525.7,1738.5,1889.6,710.0,1112.4,736.5,3930.5,4325.0,3721.8,2274.8,2306.1,1768.8,18 December 2023,78507.0,69267.0,9240.0
2024-01-04,1,2024-01-04,https://www.finance.gov.mv/public/attachments/hv3FzSkJwgSmURooUI8FdyHZXKVka5SWqU6ZzoPi.pdf,3,"approved, last year, this year",127.3,33547.0,182.5,81.5,25618.4,94.9,45.8,6659.7,82.1,0.0,1270.0,5.2,148.2,47622.7,383.1,130.9,34875.9,345.1,17.3,12746.8,38.0,0.5,14011.0,4.6,-18.9,-8831.6,-42.9,-20.9,-14075.7,-200.6,2.0,5244.0,157.8,0.0,2202.4,280.6,5.2,1028.6,8.3,17.2,8914.2,38.4,36.3,9068.4,15.5,22.2,4734.2,11.1,0.0,4022.7,42.1,3.6,1083.2,12.7,23.1,2023.7,55.2,0.0,786.6,0.0,0.0,2650.9,171.0,0.0,1998.5,0.0,02 January 2024,81452.0,72200.0,9252.0
2024-01-11,2,2024-01-11,https://www.finance.gov.mv/public/attachments/WpFzpe8kEIE5MqDWA7DsdSKwyRrYSeBKqMvAtrwp.pdf,3,"approved, last year, this year",390.3,33547.0,474.7,275.5,25618.4,306.6,114.8,6659.7,162.8,0.0,1270.0,5.4,524.0,47622.7,668.7,392.2,34875.9,518.6,131.8,12746.8,150.1,4.3,14011.0,5.9,-20.0,-8831.6,-29.8,-133.7,-14075.7,-194.0,113.7,5244.0,164.2,312.3,2202.4,324.7,12.8,1028.6,10.5,141.3,8914.2,142.6,72.8,9068.4,46.2,41.7,4734.2,34.0,65.6,4022.7,117.6,10.8,1083.2,16.7,47.7,2023.7,73.8,0.0,786.6,17.6,0.0,2650.9,220.1,24.6,1998.5,19.4,02 January 2024,81452.0,72200.0,9252.0
2024-01-18,3,2024-01-18,https://www.finance.gov.mv/public/attachments/RhmADqsArBy6AQNc3vEI9W0cR2nP60ZLFkixVHMt.pdf,3,"approved, last year, this year",923.0,33547.0,974.0,755.2,25618.4,687.5,167.7,6659.7,279.8,0.0,1270.0,5.9,805.9,47622.7,1470.0,603.6,34875.9,994.9,202.4,12746.8,475.1,4.6,14011.0,10.9,230.8,-8831.6,-253.9,117.1,-14075.7,-496.0,113.7,5244.0,242.1,312.3,2202.4,328.9,32.5,1028.6,27.5,138.8,8914.2,385.7,110.4,9068.4,91.7,79.7,4734.2,74.3,82.8,4022.7,187.8,20.1,1083.2,23.7,56.3,2023.7,83.1,0.0,786.6,67.6,49.7,2650.9,220.1,108.7,1998.5,155.0,15 January 2024,80304.0,71100.0,9204.0
2024-01-25,4,2024-01-25,https://www.finance.gov.mv/public/attachments/KuPeOL2w58MREL2cMj061bKHgZDdARhwRnV5jKm0.pdf,3,"approved, last year, this year",1884.5,33547.0,1742.7,1638.3,25618.4,1281.0,246.1,6659.7,454.5,0.0,1270.0,6.3,1470.3,47622.7,1985.1,1144.0,34875.9,1385.9,326.3,12746.8,599.2,145.2,14011.0,33.8,562.3,-8831.6,31.4,414.2,-14075.7,-242.5,148.1,5244.0,273.9,373.6,2202.4,367.1,47.1,1028.6,61.1,223.0,8914.2,492.4,481.6,9068.4,397.1,170.4,4734.2,133.5,140.1,4022.7,250.0,63.2,1083.2,55.0,71.1,2023.7,90.7,0.0,786.6,67.6,49.7,2650.9,257.8,115.6,1998.5,285.7,15 January 2024,80304.0,71100.0,9204.0
2024-02-01,5,2024-02-01,https://www.finance.gov.mv/public/attachments/gF3yFXxwimBlksXsuUF6YJcbiMbEtykQcHryc02t.pdf,3,"approved, last year, this year",3553.3,33547.0,4180.5,3222.0,25618.4,3477.9,328.8,6659.7,693.7,2.5,1270.0,8.1,2968.3,47622.7,4937.6,2521.4,34875.9,3065.6,446.9,12746.8,1872.0,1011.8,14011.0,953.4,776.1,-8831.6,-136.3,585.0,-14075.7,-757.1,191.1,5244.0,620.8,380.7,2202.4,446.4,87.0,1028.6,89.6,287.5,8914.2,1718.8,922.2,9068.4,1229.3,356.4,4734.2,404.5,176.8,4022.7,308.8,93.7,1083.2,102.3,77.4,2023.7,95.2,0.0,774.8,67.6,246.2,2828.3,443.2,147.9,1998.5,329.7,29 January 2024,80537.0,71309.0,9228.0
2024-02-08,6,2024-02-08,https://www.finance.gov.mv/public/attachments/ZWmmz0DVUW55p2nZdDDlgZJNYLe2Dp0GgvuDh0zD.pdf,3,"approved, last year, this year",4171.7,33547.0,4408.6,3734.0,25618.4,3646.7,427.7,6659.7,752.0,9.9,1270.0,9.1,3457.0,47622.7,5414.7,2694.2,34875.9,3449.2,762.7,12746.8,1965.5,1013.5,14011.0,956.7,957.4,-8831.6,-380.7,714.7,-14075.7,-1006.1,242.7,5244.0,625.4,456.4,2202.4,446.4,102.1,1028.6,96.0,477.3,8914.2,1786.8,1022.1,9068.4,1273.6,564.9,4734.2,428.0,220.5,4022.7,378.2,105.0,1083.2,104.9,95.3,2023.7,98.7,0.0,774.8,67.6,273.6,2828.3,587.1,148.2,1998.5,367.7,29 January 2024,80537.0,71309.0,9228.0
2024-02-15,7,2024-02-15,https://www.finance.gov.mv/public/attachments/rhzb1cN05CW831NV6IoEkEWXK7n3uP9nbxEraSc0.pdf,3,"approved, last year, this year",4480.3,33547.0,4787.9,3965.2,25618.4,3961.1,505.0,6659.7,816.3,9.9,1270.0,10.3,4080.2,47622.7,5998.4,3174.8,34875.9,3767.5,905.4,12746.8,2230.9,1014.1,14011.0,959.6,693.9,-8831.6,-537.3,400.1,-14075.7,-1210.5,293.9,5244.0,673.2,529.3,2202.4,494.8,106.6,1028.6,113.9,607.0,8914.2,2017.2,1047.4,9068.4,1359.7,590.3,4734.2,465.0,346.3,4022.7,428.5,109.3,1083.2,108.5,95.5,2023.7,100.0,0.0,774.8,67.6,273.6,2828.3,722.8,252.6,1998.5,388.1,12 February 2024,80882.0,71636.0,9246.0
2024-02-22,8,2024-02-22,https://www.finance.gov.mv/public/attachments/HmfQ3WXsDXU89MRaAwdHrVU2ooie4gH5ucQmJZrO.pdf,3,"approved, last year, this year",4830.3,33547.0,5340.9,4239.7,25618.4,4129.7,580.5,6659.7,1200.4,9.9,1270.0,10.6,4515.7,47622.7,6635.8,3431.1,34875.9,4100.1,1084.6,12746.8,2535.7,1016.5,14011.0,962.7,738.6,-8831.6,-607.9,314.6,-14075.7,-1294.9,424.0,5244.0,687.0,535.8,2202.4,505.1,119.6,1028.6,130.0,755.9,8914.2,2146.2,1149.7,9068.4,1406.9,645.0,4734.2,500.1,349.5,4022.7,498.2,129.7,1083.2,110.5,99.2,2023.7,101.3,0.0,774.8,67.6,273.6,2828.3,774.0,261.1,1998.5,395.2,12 February 2024,80882.0,71636.0,9246.0
2024-02-29,9,2024-02-29,https://www.finance.gov.mv/public/attachments/K2CytlB5zYSCcdA0s26UgtxMqyNbiWtFUphy6wxW.pdf,3,"approved, last year, this year",6503.7,33547.0,6630.0,5659.5,25618.4,5235.5,817.7,6659.7,1383.0,26.3,1270.0,11.3,6488.0,47622.7,8272.0,5280.1,34875.9,5528.3,1207.9,12746.8,2743.7,2183.1,14011.0,1913.7,559.7,-8831.6,-716.9,15.7,-14075.7,-1642.0,544.0,5244.0,925.1,564.7,2202.4,528.6,184.8,1028.6,188.0,836.9,8914.2,2345.2,2068.1,9068.4,2080.3,819.6,4734.2,724.6,467.9,4022.7,558.0,191.7,1083.2,192.7,113.6,2023.7,101.3,0.0,774.8,137.6,507.0,2828.3,786.0,383.0,1998.5,465.3,26 February 2024,80414.0,71198.0,9216.0
2024-03-07,10,2024-03-07,https://www.finance.gov.mv/public/attachments/m4kFprT86VByjHRTwFLCioJxjUki1Z133f9MDumT.pdf,3,"approved, last year, this year",6860.8,33547.0,7010.9,5940.7,25618.4,5536.7,892.2,6659.7,1462.0,27.5,1270.0,11.6,7026.0,47622.7,9002.7,5657.0,34875.9,5919.1,1369.0,12746.8,3083.6,2185.6,14011.0,1918.0,532.2,-8831.6,-1019.5,-165.2,-14075.7,-1991.8,697.4,5244.0,972.3,816.0,2202.4,756.1,198.3,1028.6,201.9,922.7,8914.2,2562.0,2172.2,9068.4,2206.1,919.7,4734.2,773.1,493.1,4022.7,624.4,205.9,1083.2,203.8,134.1,2023.7,106.7,0.0,774.8,147.6,557.0,2828.3,921.6,391.9,1998.5,514.0,26 February 2024,80414.0,71198.0,9216.0
2024-03-14,11,2024-03-14,https://www.finance.gov.mv/public/attachments/bvkm5r5aEQYnF9pLg0sOoo0REQBghCEyQ0LnORX8.pdf,3,"approved, last year, this year",7461.4,33547.0,7367.5,6264.9,25618.4,5803.6,1173.8,6659.7,1545.4,24.1,1270.0,18.0,7557.6,47622.7,9495.0,6058.4,34875.9,6249.4,1499.2,12746.8,3245.6,2189.7,14011.0,2011.2,675.2,-8831.6,-1108.6,-96.2,-14075.7,-2127.5,771.3,5244.0,1018.9,858.9,2202.4,760.8,215.6,1028.6,214.6,1004.9,8914.2,2699.3,2223.1,9068.4,2270.5,957.0,4734.2,810.4,600.2,4022.7,692.0,217.2,1083.2,212.8,205.3,2023.7,138.3,50.0,774.8,147.6,707.0,2828.3,997.4,427.9,1998.5,515.5,10 March 2024,81283.0,72061.0,9222.0
2024-03-21,12,2024-03-21,https://www.finance.gov.mv/public/attachments/7qCZ3VDIW8KPf2OlI5Epns3QT1R16ov4hXBFzc9k.pdf,3,"approved, last year, this year",7875.6,33547.0,7752.5,6570.3,25618.4,6076.5,1274.0,6659.7,1659.4,25.0,1270.0,18.0,8935.4,47622.7,10391.3,6880.0,34875.9,6753.9,2055.4,12746.8,3637.5,2195.0,14011.0,2173.7,133.5,-8831.6,-1617.9,-1059.8,-14075.7,-2638.8,1193.3,5244.0,1020.9,871.0,2202.4,777.5,233.2,1028.6,236.6,1131.8,8914.2,2881.9,2344.4,9068.4,2352.8,1032.2,4734.2,848.5,615.0,4022.7,761.4,240.0,1083.2,229.7,238.1,2023.7,187.3,50.0,774.8,147.6,756.4,2828.3,997.4,470.8,1998.5,603.9,10 March 2024,81283.0,72061.0,9222.0
2024-03-28,13,2024-03-28,https://www.finance.gov.mv/public/attachments/wjIJ8iQkf2Wrgaya9dr14jSKO6ApRPf2uxvPfrXP.pdf,3,"approved, last year, this year",9875.4,33547.0,9143.2,8261.8,25618.4,6999.3,1567.6,6659.7,2127.2,39.7,1270.0,18.0,10608.9,47622.7,11632.7,8269.3,34875.9,7771.8,2339.6,12746.8,3861.0,3237.9,14011.0,2763.6,466.6,-8831.6,-1388.5,-733.6,-14075.7,-2489.5,1200.1,5244.0,1101.0,873.3,2202.4,798.2,281.1,1028.6,283.2,1352.5,8914.2,3070.2,3192.5,9068.4,2936.9,1274.0,4734.2,1046.0,671.5,4022.7,801.8,301.9,1083.2,283.8,423.9,2023.7,349.5,50.0,774.8,197.6,779.8,2828.3,1164.1,460.5,1998.5,623.4,25 March 2024,81283.0,72061.0,9222.0
2024-04-11,14,2024-04-11,https://www.finance.gov.mv/public/attachments/vTwexm0cuw1WOoZttJQ4bNhZcmvrgeOJ7oEzZjzC.pdf,3,"approved, last year, this year",10031.7,33547.0,9940.6,8355.7,25618.4,7453.4,1630.0,6659.7,2449.8,39.7,1270.0,39.6,10765.4,47622.7,13623.4,8397.3,34875.9,9012.3,2368.1,12746.8,4611.1,3272.6,14011.0,2999.7,466.4,-8831.6,-2091.6,-733.7,-14075.7,-3682.8,1200.1,5244.0,1591.2,873.3,2202.4,801.6,298.9,1028.6,287.6,1363.0,8914.2,3667.0,3220.9,9068.4,3087.4,1308.5,4734.2,1148.9,680.6,4022.7,926.8,308.6,1083.2,307.1,467.6,2023.7,489.1,50.0,774.8,197.6,779.8,2828.3,1350.2,465.8,1998.5,755.8,25 March 2024,82579.0,73327.0,9252.0
2024-04-18,15,2024-04-18,https://www.finance.gov.mv/public/attachments/7YDwLQot1IZ5kFbOBwqajSZ9PTHImaEZcUFWxGgc.pdf,3,"approved, last year, this year",10592.2,33547.0,10395.1,8752.1,25618.4,7741.8,1783.2,6659.7,2610.0,50.7,1270.0,45.5,11864.3,47622.7,14275.0,9137.2,34875.9,9417.1,2727.1,12746.8,4857.9,3274.0,14011.0,3003.5,-35.6,-8831.6,-2192.2,-1272.1,-14075.7,-3879.9,1236.4,5244.0,1687.7,921.2,2202.4,822.6,319.7,1028.6,306.6,1554.0,8914.2,3859.8,3379.6,9068.4,3129.9,1352.5,4734.2,1170.8,680.6,4022.7,992.7,333.6,1083.2,315.5,533.2,2023.7,523.4,50.0,774.8,207.6,1218.8,2828.3,1350.2,572.1,1998.5,783.5,14 April 2024,82482.0,73236.0,9246.0
2024-04-25,16,2024-04-25,https://www.finance.gov.mv/public/attachments/byc6co1rDy7rpbcUgum0bPdgQLac3wTMPecaf1lN.pdf,3,"approved, last year, this year",11189.9,33547.0,10781.1,9277.1,25618.4,8061.8,1855.1,6659.7,2675.2,51.6,1270.0,46.1,12613.6,47622.7,14967.4,9755.4,34875.9,9959.5,2858.2,12746.8,5007.9,3288.4,14011.0,3285.1,16.7,-8831.6,-2487.9,-1423.7,-14075.7,-4186.3,1440.4,5244.0,1698.5,921.6,2202.4,858.5,356.0,1028.6,327.3,1658.5,8914.2,3961.5,3720.7,9068.4,3303.8,1430.1,4734.2,1219.3,700.0,4022.7,1040.6,374.8,1083.2,335.6,537.4,2023.7,523.4,50.0,774.8,207.6,1307.8,2828.3,1434.4,581.0,1998.5,817.9,14 April 2024,82482.0,73236.0,9246.0
2024-05-02,17,2024-05-02,https://www.finance.gov.mv/public/attachments/ZUes4hIQ2QajgfSDqcr0bjL8AWPbp2tAthGYkq6D.pdf,3,"approved, last year, this year",12413.8,33547.0,11906.2,10288.6,25618.4,9091.3,2044.3,6659.7,2766.2,77.4,1270.0,50.6,14326.4,47622.7,16157.3,11296.3,34875.9,10883.6,3030.1,12746.8,5273.8,4412.7,14011.0,3975.4,-386.3,-8831.6,-2540.3,-1912.6,-14075.7,-4251.1,1526.3,5244.0,1710.8,968.9,2202.4,886.0,397.5,1028.6,379.5,1755.0,8914.2,4276.1,4204.1,9068.4,3848.9,1623.8,4734.2,1522.8,932.7,4022.7,1113.4,412.1,1083.2,394.8,553.6,2023.7,523.4,50.0,774.8,207.6,1386.7,2828.3,1494.2,598.6,1998.5,843.7,14 April 2024,83094.0,73848.0,9246.0
2024-05-09,18,2024-05-09,https://www.finance.gov.mv/public/attachments/UH5nQADwseg4EDSsOUkfZaNuibhEMwuz5UkSSRYL.pdf,3,"approved, last year, this year",12452.9,33547.0,12120.4,10305.2,25618.4,9217.8,2050.9,6659.7,2852.7,93.3,1270.0,52.0,14668.5,47622.7,16593.8,11584.2,34875.9,11201.8,3084.3,12746.8,5392.0,4419.7,14011.0,3977.6,-619.0,-8831.6,-2604.5,-2215.6,-14075.7,-4473.4,1596.6,5244.0,1868.9,980.4,2202.4,959.1,397.5,1028.6,384.5,1809.6,8914.2,4377.9,4204.1,9068.4,3887.0,1628.0,4734.2,1506.6,951.3,4022.7,1176.8,412.1,1083.2,400.4,553.6,2023.7,523.9,50.0,774.8,207.6,1409.7,2828.3,1510.7,669.4,1998.5,859.5,06 May 2024,83301.0,74061.0,9240.0
2024-05-16,19,2024-05-16,https://www.finance.gov.mv/public/attachments/OphgTyoLOJp7kMoVZfB7lBcumRfoNyJl6qCWZlxE.pdf,3,"approved, last year, this year",13185.5,33547.0,12670.4,10895.6,25618.4,9688.7,2194.9,6659.7,2928.2,91.4,1270.0,57.7,14988.0,47622.7,17214.8,11853.3,34875.9,11584.7,3134.7,12746.8,5630.1,4420.1,14011.0,3979.2,-201.4,-8831.6,-2674.2,-1802.5,-14075.7,-4544.4,1601.1,5244.0,1870.2,963.2,2202.4,959.1,417.1,1028.6,406.2,1835.7,8914.2,4496.4,4331.2,9068.4,3924.7,1813.7,4734.2,1652.5,1059.5,4022.7,1252.8,434.7,1083.2,412.1,563.6,2023.7,527.0,50.0,774.8,207.6,1538.3,2828.3,1604.0,675.2,1998.5,869.6,06 May 2024,83301.0,74061.0,9240.0
2024-05-23,20,2024-05-23,https://www.finance.gov.mv/public/attachments/7voiCID2jrpun46QT4aqN0nfmnhC548SUcN4HRf4.pdf,3,"approved, last year, this year",13425.1,33547.0,13021.4,11045.2,25618.4,9924.1,2284.5,6659.7,3043.3,91.7,1270.0,58.1,15645.7,47622.7,17794.3,12331.8,34875.9,11990.3,3313.9,12746.8,5803.9,4422.4,14011.0,4084.2,-619.6,-8831.6,-2817.4,-2220.6,-14075.7,-4772.8,1601.1,5244.0,1955.4,963.2,2202.4,963.5,439.0,1028.6,432.2,1945.4,8914.2,4644.2,4377.7,9068.4,4006.8,1853.7,4734.2,1690.8,1072.7,4022.7,1323.3,441.2,1083.2,423.4,563.6,2023.7,527.0,60.0,774.8,240.1,1668.3,2828.3,1670.9,675.2,1998.5,920.1,20 May 2024,83091.0,73863.0,9228.0
2024-05-30,21,2024-05-30,https://www.finance.gov.mv/public/attachments/CociVv62SuMeJMrF6ibctzGMEiWTGZFFlCCppUWo.pdf,3,"approved, last year, this year",14856.3,33547.0,14149.7,12056.2,25618.4,10840.2,2640.9,6659.7,3254.5,155.5,1270.0,59.0,17347.8,47622.7,19159.1,13779.9,34875.9,13106.6,3567.9,12746.8,6052.5,5472.5,14011.0,4858.0,-851.1,-8831.6,-3033.3,-2491.5,-14075.7,-5009.4,1640.4,5244.0,1976.1,1006.1,2202.4,988.2,486.9,1028.6,473.0,2113.4,8914.2,4876.0,4961.6,9068.4,4538.0,2048.9,4734.2,1912.9,1187.8,4022.7,1384.4,501.2,1083.2,475.5,566.4,2023.7,527.2,245.5,774.8,340.4,1691.1,2828.3,1671.0,823.9,1998.5,986.1,20 May 2024,83091.0,73863.0,9228.0
2024-06-06,22,2024-06-06,https://www.finance.gov.mv/public/attachments/g9WWNHC0KbToMhugHzGbS7IjBTAebuWLz4ZHGldB.pdf,3,"approved, last year, this year",15403.1,33547.0,15096.1,12468.9,25618.4,11280.7,2773.9,6659.7,3740.1,156.5,1270.0,79.4,17823.1,47622.7,20127.5,14195.2,34875.9,13568.5,3627.9,12746.8,6559.0,5521.0,14011.0,4969.1,-720.2,-8831.6,-2992.2,-2420.1,-14075.7,-5031.4,1699.9,5244.0,2039.2,1044.3,2202.4,1037.3,519.7,1028.6,479.8,2151.8,8914.2,5355.4,5019.0,9068.4,4562.3,2140.5,4734.2,1933.0,1382.4,4022.7,1467.8,510.1,1083.2,479.3,585.3,2023.7,532.0,245.5,774.8,340.4,1741.1,2828.3,1802.8,917.9,1998.5,998.7,03 June 2024,84323.0,75101.0,9222.0
2024-06-20,23,2024-06-20,https://www.finance.gov.mv/public/attachments/B4tYLMziaLSkSpYcUZeWcWRpfVQLuOkWQ3IySvks.pdf,3,"approved, last year, this year",15480.7,33547.0,16422.6,12475.3,25618.4,11843.8,2845.1,6659.7,4200.0,156.5,1270.0,82.6,17844.1,47622.7,22257.3,14201.2,34875.9,15303.0,3642.9,12746.8,6954.3,5521.0,14011.0,5897.1,-663.4,-8831.6,-3717.1,-2363.4,-14075.7,-5834.6,1699.9,5244.0,2117.5,1044.3,2202.4,1047.7,519.7,1028.6,499.0,3281.7,8914.2,5644.8,5019.0,9068.4,4624.6,2140.8,4734.2,2010.9,1388.4,4022.7,1603.2,510.1,1083.2,500.2,585.3,2023.7,624.6,313.8,774.8,569.6,1741.1,2828.3,1929.1,917.9,1998.5,1107.9,03 June 2024,84323.0,75101.0,9222.0
2024-06-27,24,2024-06-27,https://www.finance.gov.mv/public/attachments/RnkpH6rBxAtYtl12TFTuWWWlk5E09dnCr9C7LqSG.pdf,3,"approved, last year, this year",17169.5,33547.0,17279.1,13448.0,25618.4,12326.6,3526.6,6659.7,4573.1,191.7,1270.0,83.1,21778.6,47622.7,22817.9,16508.7,34875.9,15689.8,5269.8,12746.8,7128.2,6528.7,14011.0,5946.5,-2385.2,-8831.6,-3405.6,-4609.0,-14075.7,-5538.8,2223.8,5244.0,2133.2,1137.3,2202.4,1055.5,588.6,1028.6,537.0,3600.4,8914.2,5808.5,5296.0,9068.4,4801.5,2287.9,4734.2,2117.8,1600.2,4022.7,1651.0,558.5,1083.2,524.9,837.3,2023.7,758.3,467.7,774.8,569.6,1789.8,2828.3,2120.3,991.8,1998.5,1151.9,23 June 2024,84669.0,75435.0,9234.0
2024-07-04,25,2024-07-04,https://www.finance.gov.mv/public/attachments/JI1SqpxXbCaR5sVo2W7dZkbHLS2bTFInVFGSsVVM.pdf,3,"approved, last year, this year",18285.9,33547.0,17974.9,14367.5,25618.4,12812.9,3694.1,6659.7,4755.7,221.1,1270.0,110.1,23105.6,47622.7,23831.5,17175.1,34875.9,16096.7,5930.5,12746.8,7734.8,6706.7,14011.0,5982.7,-2420.5,-8831.6,-3498.7,-4819.7,-14075.7,-5856.7,2399.2,5244.0,2358.0,1261.1,2202.4,1359.6,608.8,1028.6,549.2,4181.3,8914.2,6291.6,5469.9,9068.4,4987.3,2469.1,4734.2,2266.3,1658.4,4022.7,1705.8,574.8,1083.2,542.6,927.3,2023.7,885.6,467.7,774.8,579.6,1862.5,2828.3,2145.6,992.0,1998.5,1172.6,01 July 2024,85304.0,76058.0,9246.0
2024-07-11,26,2024-07-11,https://www.finance.gov.mv/public/attachments/QAY5iMche4vs3iUj3FfOfnk99dukh1zzr8YNj6Jr.pdf,3,"approved, last year, this year",18574.7,33547.0,18938.3,14574.7,25618.4,13702.2,3775.2,6659.7,4837.1,221.5,1270.0,119.7,23983.5,47622.7,24182.4,17631.2,34875.9,16314.3,6352.3,12746.8,7868.1,6707.9,14011.0,5991.7,-2957.9,-8831.6,-2883.3,-5408.8,-14075.7,-5244.0,2450.9,5244.0,2360.7,1261.1,2202.4,1359.7,623.7,1028.6,558.6,4580.6,8914.2,6411.7,5482.2,9068.4,5031.0,2491.8,4734.2,2300.6,1713.9,4022.7,1767.1,579.7,1083.2,548.4,933.6,2023.7,897.5,467.7,774.8,579.6,2090.5,2828.3,2227.6,1010.1,1998.5,1187.5,01 July 2024,85304.0,76058.0,9246.0
2024-07-18,27,2024-07-18,https://www.finance.gov.mv/public/attachments/8SqC7qCkhkBtifTOsvRm8Osl3sGaoeO2oZrGzO7W.pdf,3,"approved, last year, this year",19135.8,33547.0,19426.8,15022.3,25618.4,14085.3,3888.5,6659.7,4906.4,221.5,1270.0,157.0,24602.3,47622.7,24861.2,18073.4,34875.9,16729.0,6528.9,12746.8,8132.2,6709.6,14011.0,5993.3,-2980.2,-8831.6,-3033.8,-5466.5,-14075.7,-5434.4,2486.2,5244.0,2400.7,1265.1,2202.4,1412.5,631.2,1028.6,568.2,4619.2,8914.2,6611.1,5559.3,9068.4,5065.2,2524.4,4734.2,2335.0,1763.2,4022.7,1829.6,590.1,1083.2,555.9,981.2,2023.7,907.9,467.7,774.8,579.6,2090.5,2828.3,2227.6,1010.1,1998.5,1220.5,15 July 2024,85383.0,76161.0,9222.0
2024-07-25,28,2024-07-25,https://www.finance.gov.mv/public/attachments/suPPan4EhS1mGXhXIw4h7N261LX46jOZ3pdjoYUL.pdf,3,"approved, last year, this year",20393.3,33547.0,20041.2,16007.3,25618.4,14621.8,4157.5,6659.7,4993.1,224.9,1270.0,148.2,25036.6,47622.7,26404.1,18424.8,34875.9,18003.1,6611.8,12746.8,8401.0,6718.8,14011.0,6798.6,-2156.5,-8831.6,-3961.3,-4643.3,-14075.7,-6363.0,2486.8,5244.0,2401.6,1265.1,2202.4,1412.5,672.4,1028.6,589.8,4660.6,8914.2,6764.5,5742.5,9068.4,5208.5,2632.0,4734.2,2426.8,1840.7,4022.7,1907.6,612.8,1083.2,576.2,1000.6,2023.7,909.7,467.7,774.8,579.6,2282.2,2828.3,2375.2,1010.3,1998.5,1312.6,15 July 2024,85383.0,76161.0,9222.0
2024-08-01,29,2024-08-01,https://www.finance.gov.mv/public/attachments/Pd1z8Ns0Ly27ojyrmFWlqSTRgXKEYkEFpZa0OWrK.pdf,3,"approved, last year, this year",21747.3,33547.0,21654.5,17245.4,25618.4,15939.1,4272.7,6659.7,5260.8,225.8,1270.0,176.7,27276.2,47622.7,27435.0,20233.3,34875.9,18437.6,7042.9,12746.8,8997.4,7830.0,14011.0,6953.6,-2744.6,-8831.6,-3314.2,-5528.9,-14075.7,-5780.5,2784.3,5244.0,2466.3,1358.8,2202.4,1412.9,686.3,1028.6,603.9,4959.2,8914.2,7329.7,5975.2,9068.4,5529.6,2885.0,4734.2,2637.1,1903.3,4022.7,1973.8,632.5,1083.2,618.4,1028.7,2023.7,914.0,467.7,774.8,657.2,2493.9,2828.3,2518.5,1044.6,1998.5,1315.3,29 July 2024,85470.0,76236.0,9234.0
2024-08-08,30,2024-08-08,https://www.finance.gov.mv/public/attachments/1wu0UzCf5tvNSykA464mdONqjMmDlH6Hhdx0k3pM.pdf,3,"approved, last year, this year",22069.3,33547.0,22111.1,17392.2,25618.4,16153.6,4447.9,6659.7,5505.0,226.0,1270.0,180.0,27510.2,47622.7,27784.7,20346.4,34875.9,18654.3,7163.8,12746.8,9130.4,7837.6,14011.0,6955.3,-2654.4,-8831.6,-3152.8,-5440.9,-14075.7,-5673.6,2786.5,5244.0,2520.8,1358.8,2202.4,1498.8,686.6,1028.6,620.0,5017.4,8914.2,7449.7,5985.6,9068.4,5563.5,2966.2,4734.2,2669.9,1930.5,4022.7,2023.6,636.0,1083.2,622.8,1028.7,2023.7,945.3,519.6,774.8,657.2,2496.0,2828.3,2523.1,1044.6,1998.5,1345.9,29 July 2024,85470.0,76236.0,9234.0
2024-08-15,31,2024-08-15,https://www.finance.gov.mv/public/attachments/luphb22Bl5u7KZCZOd4S0siDSgn3fA6S57O06h0g.pdf,3,"approved, last year, this year",22410.8,33547.0,22448.2,17605.9,25618.4,16414.8,4575.5,6659.7,5571.3,226.0,1270.0,189.9,27991.1,47622.7,28496.6,20745.0,34875.9,19190.9,7246.1,12746.8,9305.8,7838.1,14011.0,6956.9,-2662.9,-8831.6,-3427.1,-5580.3,-14075.7,-6048.5,2917.5,5244.0,2621.4,1392.9,2202.4,1556.6,708.0,1028.6,628.6,5085.7,8914.2,7580.6,6024.4,9068.4,5623.8,2990.5,4734.2,2701.7,1951.7,4022.7,2090.5,646.4,1083.2,629.7,1032.6,2023.7,956.0,572.3,774.8,657.2,2602.6,2828.3,2632.8,1097.0,1998.5,1393.7,12 August 2024,85604.0,76364.0,9240.0
2024-08-22,32,2024-08-22,https://www.finance.gov.mv/public/attachments/TRhjVTRq0Ses17Pl0JKMeVPeebmOG1QB7Br0bRwm.pdf,3,"approved, last year, this year",22809.7,33547.0,22746.6,17900.7,25618.4,16629.8,4678.0,6659.7,5649.2,227.6,1270.0,195.3,28504.3,47622.7,28982.7,21134.0,34875.9,19486.1,7370.2,12746.8,9496.6,7840.3,14011.0,6959.8,-2759.0,-8831.6,-3610.0,-5694.6,-14075.7,-6236.1,2935.6,5244.0,2626.1,1428.1,2202.4,1559.7,734.0,1028.6,643.7,5191.2,8914.2,7747.4,6124.4,9068.4,5673.0,3024.8,4734.2,2741.7,1991.3,4022.7,2156.1,662.7,1083.2,643.1,1051.4,2023.7,961.6,572.3,774.8,657.2,2605.0,2828.3,2650.6,1140.5,1998.5,1404.5,12 August 2024,85604.0,76364.0,9240.0
2024-08-29,33,2024-08-29,https://www.finance.gov.mv/public/attachments/bGxLagVkN2hBzcfIyLvsqd4cl7ZbZb2QBA1Rlrat.pdf,3,"approved, last year, this year",23967.7,33547.0,23923.5,18954.4,25618.4,17454.2,4781.4,6659.7,5923.8,228.5,1270.0,273.2,30104.9,47622.7,30404.9,22518.0,34875.9,20651.0,7586.9,12746.8,9753.9,8915.6,14011.0,7821.1,-3201.6,-8831.6,-3822.4,-6137.2,-14075.7,-6481.4,2935.6,5244.0,2659.0,1428.1,2202.4,1559.7,776.4,1028.6,693.1,5313.2,8914.2,7892.2,6601.9,9068.4,6082.5,3302.9,4734.2,2993.6,2032.2,4022.7,2221.6,719.3,1083.2,685.8,1055.6,2023.7,965.5,572.3,774.8,657.2,2665.9,2828.3,2714.9,1146.0,1998.5,1442.1,26 August 2024,85791.0,76623.0,9168.0
2024-09-05,34,2024-09-05,https://www.finance.gov.mv/public/attachments/a5nc7ATk4jqH2qeGBL0AcabteWq3xnBdSq2v0rAO.pdf,3,"approved, last year, this year",24111.1,33547.0,24106.1,19044.8,25618.4,17571.8,4867.1,6659.7,5987.0,229.3,1270.0,275.2,31248.3,47622.7,32257.4,22802.8,34875.9,21239.7,8445.5,12746.8,11017.7,8970.7,14011.0,7950.0,-4201.1,-8831.6,-5245.6,-7137.2,-14075.7,-8151.3,2936.1,5244.0,2905.8,1428.1,2202.4,1805.4,783.5,1028.6,695.5,6161.1,8914.2,9091.8,6616.2,9068.4,6077.4,3329.5,4734.2,3019.3,2054.7,4022.7,2297.7,720.5,1083.2,687.4,1058.7,2023.7,965.9,572.3,774.8,657.2,2760.3,2828.3,2764.4,1226.3,1998.5,1462.6,26 August 2024,85791.0,76623.0,9168.0
2024-09-12,35,2024-09-12,https://www.finance.gov.mv/public/attachments/ODXKHLJga4aAvS0cKDuwhtLU7OUersewrZgwREyx.pdf,3,"approved, last year, this year",24265.1,33547.0,24312.5,19144.4,25618.4,17723.8,4922.9,6659.7,6039.0,227.7,1270.0,277.0,31933.7,47622.7,32764.7,23105.7,34875.9,21588.2,8828.0,12746.8,11176.5,8971.8,14011.0,7950.9,-4672.7,-8831.6,-5515.7,-7668.7,-14075.7,-8452.3,2995.9,5244.0,2936.6,1705.4,2202.4,1805.4,783.5,1028.6,698.8,6275.5,8914.2,9185.6,6643.6,9068.4,6099.4,3354.7,4734.2,3046.4,2074.3,4022.7,2358.8,724.9,1083.2,696.1,1076.3,2023.7,974.8,572.3,774.8,657.2,2760.3,2828.3,2885.1,1341.8,1998.5,1520.2,09 September 2024,86732.0,77516.0,9216.0
2024-09-19,36,2024-09-19,https://www.finance.gov.mv/public/attachments/D9PpSMra0zN1d1F3MnbArZsrt51Ybi5edfvLjtUB.pdf,3,"approved, last year, this year",25431.3,33547.0,24849.4,19635.7,25618.4,18011.2,5592.6,6659.7,6259.3,232.9,1270.0,308.1,33022.5,47622.7,33667.2,23690.9,34875.9,22365.2,9331.6,12746.8,11302.0,8976.6,14011.0,7952.9,-4335.5,-8831.6,-5471.1,-7591.2,-14075.7,-8817.8,3255.8,5244.0,3346.7,1759.3,2202.4,1826.7,819.6,1028.6,728.2,6762.7,8914.2,9257.2,6699.8,9068.4,6149.0,3442.0,4734.2,3084.3,2250.9,4022.7,2435.8,741.2,1083.2,703.7,1169.7,2023.7,1015.8,572.3,774.8,657.2,2844.2,2828.3,2894.6,1404.5,1998.5,1525.8,09 September 2024,86732.0,77516.0,9216.0
2024-09-26,37,2024-09-26,https://www.finance.gov.mv/public/attachments/yBYye6vPFVjnGBY53gPe8x453QGcmENNFRXMWzIp.pdf,3,"approved, last year, this year",26124.2,33547.0,25995.7,20114.4,25618.4,18518.0,5806.7,6659.7,6556.2,233.0,1270.0,650.6,34873.0,47622.7,35297.7,25324.8,34875.9,23784.1,9548.2,12746.8,11513.6,10037.7,14011.0,8900.4,-5492.1,-8831.6,-5909.6,-8748.7,-14075.7,-9302.1,3256.6,5244.0,3392.5,1771.0,2202.4,1826.7,841.2,1028.6,764.3,7185.2,8914.2,9383.1,6950.3,9068.4,6386.2,3571.6,4734.2,3187.6,2272.8,4022.7,2516.3,776.6,1083.2,738.0,1316.5,2023.7,1193.2,572.3,774.8,657.2,3008.9,2828.3,3039.0,1501.5,1998.5,1550.3,23 September 2024,86820.0,77592.0,9228.0
2024-10-03,38,2024-10-03,https://www.finance.gov.mv/public/attachments/uhW4XAQ6RgnLNXH1yPPF0STERbF6qBYF8isVzNuC.pdf,3,"approved, last year, this year",26915.9,33547.0,26643.7,20721.1,25618.4,19004.3,6004.6,6659.7,6717.8,220.1,1270.0,650.6,36100.7,47622.7,35517.3,26043.6,34875.9,23992.9,10057.2,12746.8,11524.4,10111.3,14011.0,8958.4,-5524.7,-8831.6,-5481.2,-9184.8,-14075.7,-8873.7,3660.1,5244.0,3392.5,1784.9,2202.4,1827.1,876.5,1028.6,781.7,7533.4,8914.2,9392.5,7195.0,9068.4,6613.5,3743.5,4734.2,3342.2,2388.5,4022.7,2571.1,808.6,1083.2,762.9,1425.1,2023.7,1309.4,572.3,774.8,657.2,3026.4,2828.3,3139.0,1589.2,1998.5,1550.3,23 September 2024,86820.0,77592.0,9228.0
2024-10-10,39,2024-10-10,https://www.finance.gov.mv/public/attachments/NUS0wPZelmpzwnjQBe6InfQlFrtVqE15rx9QG31t.pdf,3,"approved, last year, this year",27429.2,33547.0,26964.3,20956.1,25618.4,19213.2,5949.1,6659.7,6806.6,553.5,1270.0,673.5,36678.5,47622.7,36086.9,26325.4,34875.9,24415.7,10353.1,12746.8,11671.2,10112.4,14011.0,8960.1,-5553.1,-8831.6,-5585.5,-9249.3,-14075.7,-9122.6,3696.3,5244.0,3537.1,1759.9,2202.4,1886.5,883.9,1028.6,785.2,7635.2,8914.2,9486.2,7245.1,9068.4,6668.0,3808.3,4734.2,3395.0,2468.8,4022.7,2631.3,822.1,1083.2,771.8,1432.7,2023.7,1337.4,572.3,774.8,657.2,3033.0,2828.3,3218.5,1719.4,1998.5,1557.6,07 October 2024,88177.0,78925.0,9252.0
2024-10-17,40,2024-10-17,https://www.finance.gov.mv/public/attachments/lNAnzFsHtKhQRCtINraN6To2Q430w7QHG4cXmzol.pdf,3,"approved, last year, this year",27964.0,33547.0,27274.2,21290.6,25618.4,19452.7,6147.6,6659.7,6890.5,555.5,1270.0,660.3,37069.6,47622.7,36330.8,26694.2,34875.9,24598.0,10375.4,12746.8,11732.8,10116.8,14011.0,8964.2,-5291.7,-8831.6,-5519.3,-9105.6,-14075.7,-9056.6,3813.9,5244.0,3537.3,2018.9,2202.4,1891.5,924.6,1028.6,798.7,7854.9,8914.2,9521.1,7308.6,9068.4,6704.6,3863.2,4734.2,3427.2,2547.6,4022.7,2697.8,834.6,1083.2,777.1,1453.4,2023.7,1345.7,572.3,774.8,666.6,3145.1,2828.3,3275.3,1722.4,1998.5,1567.6,07 October 2024,88177.0,78925.0,9252.0
2024-10-24,41,2024-10-24,https://www.finance.gov.mv/public/attachments/4XEr6zeHraTGSR0qaIxUIAnl5XfXlBHqghxXlodS.pdf,3,"approved, last year, this year",28200.4,33547.0,27771.0,21483.5,25618.4,19746.5,6185.5,6659.7,7091.9,561.3,1270.0,661.9,37735.1,47622.7,36989.1,27244.5,34875.9,25110.9,10490.7,12746.8,11878.2,10259.2,14011.0,8968.2,-5720.8,-8831.6,-5457.8,-9534.8,-14075.7,-9218.1,3813.9,5244.0,3760.2,2019.3,2202.4,1939.7,929.3,1028.6,817.5,7909.7,8914.2,9606.6,7402.1,9068.4,6800.3,3910.8,4734.2,3492.2,2571.8,4022.7,2779.4,847.9,1083.2,792.8,1455.3,2023.7,1348.6,572.3,774.8,693.0,3242.8,2828.3,3275.3,1729.8,1998.5,1589.4,21 October 2024,88560.0,79308.0,9252.0
2024-10-31,42,2024-10-31,https://www.finance.gov.mv/public/attachments/1I2ivlxSdZW7OpZqA8rS1wIrqM7FZE9H9M6d5wNR.pdf,3,"approved, last year, this year",29136.5,34305.9,28683.7,22336.2,25798.7,20508.6,6265.2,7038.9,7241.7,565.0,1469.3,662.5,38999.6,52742.2,38924.8,27931.9,36383.8,26428.9,11067.7,16358.4,12495.9,11241.8,14035.4,9978.3,-6038.6,-13192.3,-6480.8,-9863.1,-18436.4,-10241.1,3824.5,5244.0,3760.2,2050.8,2202.4,1939.7,949.2,0.0,847.0,7984.2,10976.0,10187.5,7808.8,4734.2,7145.4,4189.7,9068.4,3760.8,2670.7,4203.0,2830.1,880.1,1083.2,832.7,1476.9,2023.7,1352.5,572.3,786.6,693.0,3274.0,3671.8,3356.4,1757.2,1998.5,1651.8,21 October 2024,88708.0,79456.0,9252.0
2024-11-07,43,2024-11-07,https://www.finance.gov.mv/public/attachments/E2UWVD8Vvi99jee3PQV9rCjxBLSJVnN1vHBvpLrr.pdf,3,"approved, last year, this year",29387.5,34305.9,28933.0,22489.3,25798.7,20677.8,6364.8,7038.9,7321.9,565.3,1469.3,662.5,39509.3,52742.2,39259.0,28169.8,36383.8,26674.3,11339.6,16358.4,12584.7,11242.7,14035.4,9980.6,-6162.2,-13192.3,-6530.9,-10121.8,-18436.4,-10326.1,3959.6,5244.0,3795.2,2073.1,2202.4,1940.1,966.5,0.0,860.9,8018.8,10976.0,10251.3,7851.5,4734.2,7173.6,4225.1,9068.4,3789.6,2704.2,4203.0,2909.8,888.7,1083.2,835.6,1487.2,2023.7,1354.4,572.3,786.6,702.4,3274.1,3671.8,3406.7,1768.5,1998.5,1689.1,04 November 2024,88844.0,79598.0,9246.0
2024-11-14,44,2024-11-14,https://www.finance.gov.mv/public/attachments/yGIDDNlhjn6J4QN9ai8RB4fRUXcdIo8yLTzb0l4z.pdf,3,"approved, last year, this year",29558.0,34305.9,29252.9,22585.2,25798.7,20911.1,6439.3,7038.9,7408.2,565.3,1469.3,662.7,40370.9,52742.2,39795.6,28224.2,36383.8,27023.0,12146.7,16358.4,12772.6,11243.1,14035.4,9981.9,-6853.3,-13192.3,-6745.6,-10812.9,-18436.4,-10542.7,3959.6,5244.0,3797.1,2073.1,2202.4,1945.8,974.8,0.0,873.9,8799.6,10976.0,10426.4,7870.0,4734.2,7199.5,4243.5,9068.4,3810.2,2725.1,4203.0,3022.0,896.5,1083.2,844.4,1493.4,2023.7,1366.8,572.3,786.6,702.4,3274.1,3671.8,3437.0,1768.5,1998.5,1689.1,04 November 2024,88844.0,79598.0,9246.0
2024-11-21,45,2024-11-21,https://www.finance.gov.mv/public/attachments/dicY3QV8IzZSh3Vp3Xge1OsDc1oyw4gfgs6fHz7M.pdf,3,"approved, last year, this year",29848.3,34305.9,29626.7,22776.4,25798.7,21171.7,6534.4,7038.9,7523.7,569.2,1469.3,662.7,40847.7,52742.2,40578.9,28655.4,36383.8,27567.5,12192.3,16358.4,13011.4,11244.3,14035.4,9984.1,-7022.6,-13192.3,-7027.5,-10999.4,-18436.4,-10952.2,3976.8,5244.0,3924.7,2081.4,2202.4,2003.9,997.8,0.0,886.3,8829.1,10976.0,10568.8,7910.8,4734.2,7282.3,4270.0,9068.4,3854.2,2758.6,4203.0,3094.7,907.0,1083.2,856.0,1513.1,2023.7,1370.0,572.3,786.6,728.8,3274.1,3671.8,3587.2,1849.4,1998.5,1759.1,18 November 2024,88850.0,79616.0,9234.0
2024-11-28,46,2024-11-28,https://www.finance.gov.mv/public/attachments/yRbuMu7xpRgQnS1HGp8rvbvg9ni9vnbjRsH9bYLK.pdf,3,"approved, last year, this year",31144.3,34305.9,30731.5,23704.9,25798.7,22160.2,6890.0,7038.9,7638.8,581.0,1469.3,663.9,42867.9,52742.2,42105.9,30097.4,36383.8,28879.1,12770.5,16358.4,13226.8,12330.3,14035.4,10904.6,-7732.3,-13192.3,-7445.5,-11723.6,-18436.4,-11374.3,3991.3,5244.0,3928.9,2088.8,2202.4,2006.9,1031.6,0.0,920.0,9283.1,10976.0,10695.8,8377.1,4734.2,7853.0,4413.4,9068.4,4091.9,2987.8,4203.0,3166.0,951.8,1083.2,907.8,1515.3,2023.7,1378.7,572.3,786.6,728.8,3281.7,3671.8,3604.6,1857.6,1998.5,1984.3,18 November 2024,88850.0,79616.0,9234.0
2024-12-05,47,2024-12-05,https://www.finance.gov.mv/public/attachments/5zKxx6xcHWPJ6hxoma48C33mPnIHDcGNoUjDODZW.pdf,3,"approved, last year, this year",32118.1,34305.9,31111.5,24478.3,25798.7,22387.3,7067.4,7038.9,7791.1,603.9,1469.3,664.5,44067.8,52742.2,42885.0,31065.3,36383.8,29316.9,13002.5,16358.4,13568.1,12421.0,14035.4,11008.7,-7739.1,-13192.3,-7777.3,-11949.7,-18436.4,-11773.5,4210.6,5244.0,3996.3,2269.1,2202.4,2007.3,1066.8,0.0,930.3,9406.7,10976.0,11002.8,8645.5,4734.2,7947.2,4602.7,9068.4,4119.9,3225.5,4203.0,3239.9,977.6,1083.2,919.7,1528.9,2023.7,1387.5,572.3,786.6,728.8,3573.0,3671.8,3675.8,1899.8,1998.5,1985.5,02 December 2024,90203.0,80957.0,9246.0
2024-12-12,48,2024-12-12,https://www.finance.gov.mv/public/attachments/VHHQrdLPElQ1HxvYnMdS372KAn0AzizxIzm8jZbX.pdf,3,"approved, last year, this year",32373.4,34305.9,31501.4,24623.5,25798.7,22562.7,7169.2,7038.9,7957.3,612.1,1469.3,712.7,44631.7,52742.2,43514.5,31438.0,36383.8,29659.1,13193.7,16358.4,13855.3,12422.1,14035.4,11015.5,-8026.7,-13192.3,-7949.3,-12258.3,-18436.4,-12013.0,4231.6,5244.0,4063.7,2277.3,2202.4,2066.0,1068.7,0.0,938.7,9608.1,10976.0,11264.0,8687.8,4734.2,7990.7,4622.0,9068.4,4152.8,3260.7,4203.0,3303.9,989.3,1083.2,927.4,1560.7,2023.7,1439.3,572.3,786.6,738.8,3623.0,3671.8,3757.3,2011.1,1998.5,2018.8,02 December 2024,90203.0,80957.0,9246.0
2024-12-19,49,2024-12-19,https://www.finance.gov.mv/public/attachments/x2spVfnOKy5amuA4UPHT9jTbQ4AS5g83ih5y6MTV.pdf,3,"approved, last year, this year",32692.4,34305.9,31999.5,24852.7,25798.7,22812.5,7259.1,7038.9,8135.7,612.1,1469.3,782.6,45980.3,52742.2,44336.7,32062.7,36383.8,30226.4,13917.6,16358.4,14110.3,12433.7,14035.4,11019.2,-8840.0,-13192.3,-8150.9,-13287.9,-18436.4,-12337.2,4447.9,5244.0,4186.3,2308.6,2202.4,2096.2,1089.6,0.0,971.7,10315.1,10976.0,11450.5,8719.7,4734.2,8020.6,4655.3,9068.4,4193.2,3338.5,4203.0,3380.7,993.2,1083.2,935.8,1578.5,2023.7,1508.6,572.3,786.6,738.8,3624.3,3671.8,3841.7,2051.6,1998.5,2022.0,16 December 2024,89853.0,80667.0,9186.0
2024-12-26,50,2024-12-26,https://www.finance.gov.mv/public/attachments/4Mmu8r41AI5AMswP1aEbao8mhYgt9vnOlPR2wENN.pdf,3,"approved, last year, this year",33693.6,34305.9,32951.5,25507.8,25798.7,23463.7,7558.6,7038.9,8432.1,658.5,1469.3,787.0,48527.8,52742.2,45924.5,33916.3,36383.8,31595.1,14611.4,16358.4,14329.4,13554.8,14035.4,11990.3,-10305.6,-13192.3,-8784.8,-14834.2,-18436.4,-12973.0,4528.6,5244.0,4188.2,2307.6,2202.4,2100.7,1122.5,0.0,1009.2,10912.2,10976.0,11602.5,9153.4,4734.2,8428.6,4731.9,9068.4,4290.9,3398.8,4203.0,3446.1,1038.0,1083.2,976.6,1728.3,2023.7,1644.7,572.3,786.6,738.8,3823.0,3671.8,3869.6,2147.5,1998.5,2110.8,16 December 2024,89853.0,80667.0,9186.0
2024-12-31,51,2024-12-31,https://www.finance.gov.mv/public/attachments/9BzeGlLalbvmxfjthxlkGDucA24yUSt0ywz5vZ5b.pdf,3,"approved, last year, this year",34741.9,34305.9,34162.4,26222.4,25798.7,24073.2,7918.8,7038.9,8805.1,660.6,1469.3,1022.7,50047.4,52742.2,47127.8,34775.0,36383.8,32264.3,15272.4,16358.4,14863.6,13618.0,14035.4,12092.9,-10637.0,-13192.3,-8770.2,-15305.6,-18436.4,-12965.4,4668.6,5244.0,4195.2,2306.0,2202.4,2100.7,1160.4,0.0,1014.9,11426.7,10976.0,12043.3,9530.4,4734.2,8742.1,4940.1,9068.4,4497.2,3441.7,4203.0,3480.3,1080.7,1083.2,999.1,1896.0,2023.7,1764.6,572.3,786.6,738.8,3838.5,3671.8,3880.8,2422.8,1998.5,2286.0,30 December 2024,91116.0,81864.0,9252.0
2025-01-09,1,2025-01-09,https://www.finance.gov.mv/public/attachments/077d06r5nU5W4C3yGpKctB0eMcgBl0pfyVM5srGc.pdf,3,"approved, last year, this year",313.4,39790.0,357.5,193.6,29222.0,229.8,119.7,7977.2,127.6,0.0,2588.3,0.0,84.0,49178.5,382.7,83.9,36621.7,321.8,0.0,12556.8,60.9,0.2,15775.1,2.4,259.2,-3838.4,96.8,229.5,-9388.6,-25.2,29.7,5550.1,122.0,81.4,3873.0,85.8,9.0,2027.3,10.9,0.0,12378.7,141.2,52.2,5403.2,55.6,56.3,9911.3,34.6,43.1,4578.6,81.4,5.8,2023.2,8.9,43.1,1857.9,44.6,0.0,709.9,0.0,14.8,1859.6,0.0,0.0,1852.9,-2.9,30 December 2024,91116.0,81864.0,9252.0
2025-01-16,2,2025-01-16,https://www.finance.gov.mv/public/attachments/JzEaYxEE6Ax4jzwJhrRmUP7yzcL33zLmtDAIs0P2.pdf,3,"approved, last year, this year",725.0,39790.0,856.5,544.4,29222.0,639.5,176.2,7977.2,216.7,4.2,2588.3,0.1,261.4,49178.5,828.4,261.0,36621.7,684.7,0.4,12556.8,143.7,4.4,15775.1,6.1,567.3,-3838.4,314.9,463.6,-9388.6,28.1,103.7,5550.1,286.8,122.0,3873.0,310.4,17.8,2123.5,30.3,0.0,12378.7,141.2,124.9,9911.3,88.5,98.1,5403.2,60.8,60.6,4578.6,156.1,17.2,2023.2,16.6,50.1,1857.9,55.1,0.0,709.9,0.0,24.7,1859.6,49.7,31.3,1852.9,19.7,13 January 2025,90126.0,80886.0,9240.0
2025-01-23,3,2025-01-23,https://www.finance.gov.mv/public/attachments/8yW8myQuBloXZtpFKKumZaOrQmM2xflgfKHwre97.pdf,3,"approved, last year, this year",1337.9,39790.0,1583.7,1058.4,29222.0,1273.7,275.1,7977.2,307.2,4.2,2588.3,2.6,846.4,49178.5,1257.4,843.0,36621.7,1065.5,3.4,12556.8,191.9,152.7,15775.1,9.2,617.9,-3838.4,626.3,491.5,-9388.6,326.2,126.4,5550.1,300.1,345.7,3873.0,343.2,60.4,2027.3,61.3,0.3,12378.7,188.8,244.5,5403.2,227.2,162.0,9911.3,119.6,89.4,4578.6,220.0,45.4,2023.2,37.6,60.5,1857.9,69.1,0.0,709.9,0.0,175.7,1859.6,49.7,62.6,1852.9,109.8,13 January 2025,90126.0,80886.0,9240.0
2025-01-30,4,2025-01-30,https://www.finance.gov.mv/public/attachments/nX3Iips9oJs6vyfBf66zZawcCwdaNRkSOY3kwVZT.pdf,3,"approved, last year, this year",3151.1,39790.0,3725.1,2776.8,29222.0,3288.8,357.6,7977.2,434.0,16.5,2588.3,2.6,2098.4,49178.5,2722.9,2018.3,36621.7,2422.4,80.1,12556.8,300.5,955.1,15775.1,855.7,1280.9,-3838.4,1415.6,1052.7,-9388.6,1002.3,228.2,5550.1,413.3,448.6,3873.0,378.6,102.5,2027.3,101.8,86.0,12378.7,276.2,1007.0,5403.2,943.1,378.7,9911.3,462.5,128.7,4578.6,287.2,95.4,2023.2,99.4,65.1,1857.9,74.1,0.0,709.9,0.0,246.8,1859.6,203.2,91.5,1852.9,109.8,27 January 2025,90338.0,81086.0,9252.0
2025-02-06,5,2025-02-06,https://www.finance.gov.mv/public/attachments/s478lf4CRlQaT9yozMXS0s9jeUUWF2ujAJGMiHxO.pdf,3,"approved, last year, this year",3769.7,39790.0,4643.5,3359.5,29222.0,3948.7,393.5,7977.2,677.6,16.5,2588.3,18.0,2480.1,49178.5,3756.6,2377.6,36621.7,2969.0,102.5,12556.8,787.6,1140.2,15775.1,1023.7,1568.3,-3838.4,1375.9,1289.6,-9388.6,886.9,278.7,5550.1,488.9,448.6,3873.0,479.3,108.8,2027.3,119.2,87.6,12378.7,713.6,1096.1,5403.2,1031.9,543.0,9911.3,574.5,138.3,4578.6,384.9,110.4,2023.2,106.2,65.9,1857.9,93.7,0.0,709.9,0.0,264.8,1859.6,273.6,125.8,1852.9,141.1,27 January 2025,90338.0,81086.0,9252.0
2025-02-13,6,2025-02-13,https://www.finance.gov.mv/public/attachments/C7STtbygk22fM3FvviL8UESyG2WKRBsa9xHaGa91.pdf,3,"approved, last year, this year",4438.9,39790.0,4797.6,3869.0,29222.0,4061.9,541.3,7977.2,718.7,28.3,2588.3,18.0,3040.0,49178.5,4128.5,2870.2,36621.7,3272.7,169.8,12556.8,855.8,1141.4,15775.1,1024.5,1726.8,-3838.4,1225.1,1398.8,-9388.6,669.1,327.9,5550.1,556.1,474.8,3873.0,527.7,125.3,2027.3,119.2,324.8,12378.7,819.4,1164.6,5403.2,1049.3,592.7,9911.3,596.8,309.3,4578.6,413.6,123.2,2023.2,109.7,70.3,1857.9,93.8,0.0,709.9,0.0,274.4,1859.6,273.6,413.6,1852.9,240.3,10 February 2025,91230.0,81996.0,9234.0
2025-02-20,7,2025-02-20,https://www.finance.gov.mv/public/attachments/iHxAL6gK8ErmVQiN9VE7ZUseDJUhZgDAgsf8X70j.pdf,3,"approved, last year, this year",4937.2,39790.0,5194.8,4244.9,29222.0,4379.5,651.7,7977.2,798.8,40.3,2588.3,18.0,3566.3,49178.5,4760.8,3391.6,36621.7,3695.9,174.7,12556.8,1064.9,1275.2,15775.1,1027.2,1723.4,-3838.4,1079.4,1370.9,-9388.6,434.0,352.4,5550.1,645.3,483.6,3873.0,547.5,145.8,2027.3,148.5,328.4,12378.7,1028.7,1309.3,5403.2,1104.1,621.7,9911.3,645.2,369.7,4578.6,502.2,151.5,2023.2,127.2,92.2,1857.9,97.5,0.0,709.9,0.0,333.4,1859.6,273.6,413.8,1852.9,249.2,10 February 2025,91230.0,81996.0,9234.0
2025-02-27,8,2025-02-27,https://www.finance.gov.mv/public/attachments/kRYEoLDdX5LZl9ocI4pseGTfitw3Qj9pIiVnzlDN.pdf,3,"approved, last year, this year",5543.5,39790.0,6353.7,4632.8,29222.0,5391.2,870.1,7977.2,939.3,40.3,2588.3,24.7,5294.0,49178.5,6422.4,4956.9,36621.7,5300.0,337.1,12556.8,1122.4,2391.5,15775.1,2061.1,605.4,-3838.4,687.1,249.6,-9388.6,-68.7,355.8,5550.1,755.8,483.6,3873.0,791.7,176.9,2027.3,178.8,498.8,12378.7,1087.3,1516.6,5403.2,1813.3,686.3,9911.3,746.6,392.0,4578.6,547.2,196.9,2023.2,176.5,92.6,1857.9,102.0,0.0,709.9,50.0,574.6,1859.6,447.5,424.2,1852.9,364.4,24 February 2025,91686.0,82440.0,9246.0
2025-03-06,9,2025-03-06,https://www.finance.gov.mv/public/attachments/IP3IXeikYvcjUdUR0qD7exyY2wjnx6mjbaGrTHKh.pdf,3,"approved, last year, this year",7198.0,39790.0,7165.4,5948.0,29222.0,6063.8,1209.1,7977.2,1075.2,40.7,2588.3,28.1,5739.0,49178.5,7499.6,5344.3,36621.7,5919.8,394.6,12556.8,1579.8,2434.5,15775.1,2209.4,2048.1,-3838.4,553.6,1459.1,-9388.6,-334.2,589.1,5550.1,887.7,2286.0,3873.0,792.1,216.6,2027.3,205.0,546.0,12378.7,1541.1,2399.4,5403.2,2174.1,895.5,9911.3,924.3,436.1,4578.6,599.9,305.9,2023.2,206.4,105.4,1857.9,132.8,0.0,709.9,50.0,582.2,1859.6,557.0,426.3,1852.9,403.4,24 February 2025,91686.0,82440.0,9246.0
2025-03-13,10,2025-03-13,https://www.finance.gov.mv/public/attachments/oj6ej9VKo2HpF7RrgHuO2qBN9lLr7vutvu1CCfeE.pdf,3,"approved, last year, this year",7893.6,39790.0,7475.1,6345.2,29222.0,6227.6,1504.2,7977.2,1220.8,43.9,2588.3,28.7,6546.8,49178.5,7890.0,6118.0,36621.7,6253.7,428.8,12556.8,1636.3,2435.3,15775.1,2211.1,2466.0,-3838.4,574.1,1346.8,-9388.6,-414.8,1119.2,5550.1,988.9,2399.5,3873.0,833.3,283.6,2027.3,215.7,576.5,12378.7,1594.9,2431.4,5403.2,2207.5,1009.6,9911.3,947.4,505.0,4578.6,651.3,341.7,2023.2,213.4,171.0,1857.9,190.9,0.0,709.9,60.0,603.9,1859.6,707.0,534.4,1852.9,402.1,10 March 2025,92829.0,83607.0,9222.0
2025-03-20,11,2025-03-20,https://www.finance.gov.mv/public/attachments/bpFPTQMKwpmoJ743rdYUzmXr17lPvyp5XGFGMZRo.pdf,3,"approved, last year, this year",8809.1,39790.0,7968.2,6990.4,29222.0,6600.3,1771.3,7977.2,1331.7,47.1,2588.3,32.3,7631.0,49178.5,8895.1,7076.8,36621.7,6694.7,554.1,12556.8,2200.4,2620.1,15775.1,2216.3,2338.5,-3838.4,86.5,1178.1,-9388.6,-927.0,1160.4,5550.1,1013.5,2401.3,3873.0,845.3,340.1,2123.5,249.7,674.0,12378.7,1754.7,2657.9,5403.2,2296.1,1051.9,9911.3,1019.1,637.7,4578.6,712.6,401.2,2023.2,233.0,289.9,1857.9,225.5,0.0,709.9,60.0,796.7,1859.6,756.4,618.1,1852.9,449.0,10 March 2025,92829.0,83607.0,9222.0
2025-04-10,12,2025-04-10,https://www.finance.gov.mv/public/attachments/5UMJvKcBTcaUFv5ugHaVLyDwFgMWHU8oJRP22oMH.pdf,3,"approved, last year, this year",11227.2,39790.0,10700.0,8694.9,29222.0,8758.2,2475.9,7977.2,1894.8,56.0,2588.3,43.6,9089.5,49178.5,11837.6,8396.2,36621.7,8866.5,693.3,12556.8,2971.0,3574.7,15775.1,3306.7,3372.0,-3838.4,351.6,2137.6,-9388.6,-1137.6,1234.4,5550.1,1489.2,2441.3,3873.0,847.9,437.1,2123.5,342.0,736.8,12378.7,2518.6,3578.0,5403.2,3319.4,1379.9,9911.3,1326.8,783.9,4578.6,879.9,556.9,2023.2,327.2,552.1,1857.9,507.6,223.7,709.9,60.0,844.9,1859.6,855.1,665.9,1852.9,486.7,07 April 2025,93891.0,84645.0,9246.0
2025-04-17,13,2025-04-17,https://www.finance.gov.mv/public/attachments/umzbDqnYyKRdQNMfGpJOtt5cgDg47OPzcxs8feUt.pdf,3,"approved, last year, this year",11677.8,39790.0,11081.7,9003.3,29222.0,9036.3,2607.4,7977.2,1844.1,66.6,2588.3,197.8,9502.2,49178.5,12719.0,8759.1,36621.7,9549.6,743.1,12556.8,3169.4,3575.3,15775.1,3308.3,3496.6,-3838.4,-37.8,2175.6,-9388.6,-1637.3,1321.1,5550.1,1599.5,2478.2,3873.0,898.1,502.3,2123.5,389.2,777.5,12378.7,2702.3,3653.6,5403.2,3381.5,1400.4,9911.3,1354.9,842.9,4578.6,939.3,572.5,2023.2,334.9,570.4,1857.9,524.7,242.8,709.9,60.0,986.9,1859.6,1223.8,670.7,1852.9,554.0,07 April 2025,93891.0,84645.0,9246.0
2025-04-24,14,2025-04-24,https://www.finance.gov.mv/public/attachments/5iKCa3BhgwmsBRyL2wnLLkz0SaeikvHKORHy4V8M.pdf,3,"approved, last year, this year",12378.5,39790.0,11607.4,9500.7,29222.0,9413.4,2800.9,7977.2,1982.1,76.3,2588.3,208.2,10463.2,49178.5,13176.5,9658.8,36621.7,9953.0,804.5,12556.8,3223.5,3742.1,15775.1,3312.7,3531.3,-3838.4,99.6,1915.3,-9388.6,-1569.1,1616.0,5550.1,1668.7,2472.8,3873.0,931.9,561.7,2123.5,464.4,839.5,12378.7,2755.0,3835.2,5403.2,3563.8,1487.0,9911.3,1408.4,959.3,4578.6,983.0,617.7,2023.2,361.9,575.4,1857.9,544.2,242.8,709.9,60.0,1040.6,1859.6,1279.7,671.1,1852.9,564.0,21 April 2025,93796.0,84544.0,9252.0
2025-05-01,15,2025-05-01,https://www.finance.gov.mv/public/attachments/hDmMWvQ2sqwj397XD2sscrAl1foQgypgaRoQmVD3.pdf,3,"approved, last year, this year",13535.5,39790.0,13081.1,10563.9,29222.0,10674.2,2889.5,7977.2,2183.9,81.7,2588.3,219.4,11966.2,49178.5,15200.0,11058.2,36621.7,11441.4,908.0,12556.8,3758.6,4792.7,15775.1,4458.6,3226.0,-3838.4,-449.8,1569.3,-9388.6,-2118.9,1656.7,5550.1,1669.1,2473.6,3873.0,931.9,609.9,2123.5,492.4,944.6,12378.7,3297.0,4502.9,5403.2,4275.4,1684.2,9911.3,1746.6,990.7,4578.6,1076.0,733.0,2023.2,422.1,582.0,1857.9,545.1,242.8,709.9,160.0,1063.8,1859.6,1386.7,735.5,1852.9,585.7,21 April 2025,93796.0,84544.0,9252.0
2025-05-08,16,2025-05-08,https://www.finance.gov.mv/public/attachments/BsYFiDhzJniEdTVKOTmn2mkL1F2oRBMXIGVhf6NR.pdf,3,"approved, last year, this year",14249.1,39790.0,13343.7,11097.0,29222.0,10857.2,3067.7,7977.2,2246.2,83.8,2588.3,236.9,12300.5,49178.5,15719.5,11278.7,36621.7,11903.0,1021.8,12556.8,3816.5,4819.9,15775.1,4468.0,3678.1,-3838.4,-539.0,1948.6,-9388.6,-2375.8,1729.6,5550.1,1836.9,2519.0,3873.0,955.2,681.9,2123.5,497.3,1051.7,12378.7,3352.3,4661.4,5403.2,4316.7,1859.5,9911.3,1791.3,1068.5,4578.6,1151.4,761.1,2023.2,429.6,584.0,1857.9,548.1,242.8,709.9,160.0,1091.8,1859.6,1386.7,735.8,1852.9,657.4,05 May 2025,94182.0,84942.0,9240.0
2025-05-15,17,2025-05-15,https://www.finance.gov.mv/public/attachments/uy0G5xHKSl51dzVZOePS6b5yHFAfPxy7XA3mPc9E.pdf,3,"approved, last year, this year",14425.3,39790.0,13670.6,11223.7,29222.0,11111.7,3107.2,7977.2,2318.9,93.9,2588.3,236.9,12923.9,49178.5,16216.9,11822.4,36621.7,12379.0,1101.5,12556.8,3837.9,4819.9,15775.1,4470.0,3293.3,-3838.4,-690.7,1501.5,-9388.6,-2546.3,1791.8,5550.1,1855.6,2519.0,3873.0,963.8,686.4,2123.5,512.0,1130.6,12378.7,3370.5,4691.2,5403.2,4341.8,1878.8,9911.3,1821.8,1086.0,4578.6,1213.0,770.3,2023.2,435.8,586.1,1857.9,555.1,242.8,709.9,160.0,1276.1,1859.6,1672.3,829.4,1852.9,669.0,05 May 2025,94182.0,84942.0,9240.0
2025-05-22,18,2025-05-22,https://www.finance.gov.mv/public/attachments/bwO466NM8aSlnMEkwywGFFLkyQsVeT2FvJ0Iw4a9.pdf,3,"approved, last year, this year",14850.2,39790.0,14062.2,11552.8,29222.0,11401.5,3202.7,7977.2,2419.7,94.0,2588.3,237.7,13745.7,49178.5,16745.2,12350.4,36621.7,12844.8,1395.3,12556.8,3900.4,4824.1,15775.1,4476.3,3108.3,-3838.4,-718.1,1104.4,-9388.6,-2683.1,2003.9,5550.1,1965.0,2522.0,3873.0,963.8,793.7,2123.5,561.5,1415.8,12378.7,3426.2,4790.4,5403.2,4435.8,1914.9,9911.3,1871.5,1131.1,4578.6,1302.0,812.9,2023.2,448.6,591.7,1857.9,555.1,242.8,709.9,160.0,1276.2,1859.6,1718.3,830.4,1852.9,669.1,19 May 2025,94627.0,85387.0,9240.0
2025-05-29,19,2025-05-29,https://www.finance.gov.mv/public/attachments/2OefGU48oTVrMdWFnCuYYSs10E1FKo4xvVjhGV94.pdf,3,"approved, last year, this year",16539.7,39790.0,15374.4,12962.3,29222.0,12378.6,3476.7,7977.2,2688.9,100.0,2588.3,303.7,15316.1,49178.5,18302.5,13888.5,36621.7,14168.0,1427.5,12556.8,4134.5,5948.2,15775.1,5523.3,3290.1,-3838.4,-900.1,1223.6,-9388.6,-2928.1,2066.5,5550.1,2028.0,2567.9,3873.0,1019.7,897.5,2123.5,610.0,1451.1,12378.7,3626.5,5547.7,5403.2,4984.8,2212.0,9911.3,2106.1,1210.5,4578.6,1370.2,957.8,2023.2,504.7,598.2,1857.9,557.8,257.2,709.9,313.8,1300.2,1859.6,1719.5,949.6,1852.9,713.9,19 May 2025,94627.0,85387.0,9240.0
2025-06-05,20,2025-06-05,https://www.finance.gov.mv/public/attachments/wlZbf2k6H5CkXdEMg1A7fYAvSW2skdfy6tiHgSkr.pdf,3,"approved, last year, this year",16675.8,39790.0,15729.2,13066.5,29222.0,12508.8,3508.6,7977.2,2912.0,100.0,2588.3,305.1,15580.8,49178.5,19993.3,14102.9,36621.7,14746.4,1477.8,12556.8,5246.9,6002.0,15775.1,5586.5,3161.6,-3838.4,-2158.8,1095.0,-9388.6,-4264.2,2066.5,5550.1,2105.3,2990.2,3873.0,1119.1,903.8,2123.5,616.0,1491.9,12378.7,4758.7,5592.7,5403.2,5018.7,2237.5,9911.3,2136.2,1224.6,4578.6,1404.2,966.3,2023.2,509.9,600.4,1857.9,569.0,257.2,709.9,467.7,1362.2,1859.6,1741.1,953.8,1852.9,900.5,02 June 2025,95357.0,86105.0,9252.0
2025-06-12,21,2025-06-12,https://www.finance.gov.mv/public/attachments/fa1bSl4F8kYfOX8QHOdoQqFz3iz3yNetSCCWHJnb.pdf,3,"approved, last year, this year",16959.5,39790.0,15999.5,13153.0,29222.0,12677.8,3705.7,7977.2,3006.5,100.0,2588.3,311.8,15678.2,49178.5,20362.7,14174.5,36621.7,14974.9,1503.8,12556.8,5387.8,6008.5,15775.1,5589.2,3355.2,-3838.4,-2212.4,1281.2,-9388.6,-4363.2,2074.0,5550.1,2150.8,3043.2,3873.0,1132.2,907.6,2123.5,635.2,1518.5,12378.7,4856.5,5616.5,5403.2,5044.1,2260.3,9911.3,2153.1,1227.9,4578.6,1462.3,976.4,2023.2,518.0,622.3,1857.9,591.5,407.6,709.9,467.7,1362.3,1859.6,1741.2,953.9,1852.9,938.8,02 June 2025,95357.0,86105.0,9252.0
2025-06-19,22,2025-06-19,https://www.finance.gov.mv/public/attachments/jrzdfImvDmQagVK0VfFEXNZyr3tjfsltaP2JLTIi.pdf,3,"approved, last year, this year",17550.3,39790.0,16203.5,13576.5,29222.0,12794.2,3871.8,7977.2,3094.1,101.2,2588.3,311.8,16189.8,49178.5,20498.7,14565.4,36621.7,15073.6,1624.4,12556.8,5425.1,6009.8,15775.1,5590.7,3444.9,-3838.4,-2144.4,1360.4,-9388.6,-4295.3,2084.5,5550.1,2150.8,3051.0,3873.0,1132.2,937.0,2123.5,643.6,1611.2,12378.7,4893.3,5695.1,5403.2,5054.6,2293.9,9911.3,2173.3,1373.1,4578.6,1500.1,1013.1,2023.2,522.7,669.0,1857.9,637.1,407.6,709.9,467.7,1394.5,1859.6,1741.2,995.7,1852.9,981.8,22 June 2025,95825.0,86573.0,9252.0
2025-06-26,23,2025-06-26,https://www.finance.gov.mv/public/attachments/O9ZeNUVcXhz9GcqcFaF9whsMl0eUvRlXG5X6vdIO.pdf,3,"approved, last year, this year",18577.3,39790.0,16946.3,14217.1,29222.0,13317.5,4212.7,7977.2,3304.8,146.7,2588.3,320.6,17949.1,49178.5,21827.1,15977.9,36621.7,16298.8,1971.3,12556.8,5528.3,7077.5,15775.1,6407.9,2746.8,-3838.4,-2657.3,628.2,-9388.6,-4880.8,2118.6,5550.1,2223.5,3172.8,3873.0,1132.2,1008.6,2123.5,629.9,1984.6,12378.7,4991.6,5908.5,9911.3,5248.1,2406.0,5403.2,2251.4,1434.7,4578.6,1583.1,1063.3,2023.2,553.6,798.0,1857.9,780.4,408.8,709.9,468.0,1445.3,1859.6,1788.5,999.9,1852.9,981.8,16 June 2025,95825.0,86573.0,9252.0
2025-07-03,24,2025-07-03,https://www.finance.gov.mv/public/attachments/PLpq5DfXAY8CI4CmUI2R86awhiQx3L1OgRKTjQCb.pdf,3,"approved, last year, this year",19776.7,39790.0,18227.7,15139.5,29222.0,14354.6,4489.9,7977.2,3519.9,146.5,2588.3,349.9,18373.9,49178.5,22884.6,16300.0,36621.7,17130.4,2073.9,12556.8,5754.2,7189.5,15775.1,6712.6,3557.7,-3838.4,-2258.4,1402.8,-9388.6,-4656.9,2154.8,5550.1,2398.5,3233.0,3873.0,1261.0,1050.9,2123.5,704.1,2019.7,12378.7,5196.8,6142.7,9911.3,5461.8,2587.5,5403.2,2462.6,1458.9,4578.6,1654.4,1126.9,2023.2,572.7,1003.3,1857.9,909.8,408.8,709.9,468.0,1457.9,1859.6,1862.5,1050.3,1852.9,982.0,30 June 2025,94824.0,85572.0,9252.0
2025-07-10,25,2025-07-10,https://www.finance.gov.mv/public/attachments/cowzAeNdHRN9GrH8R1qFrPuyDMDASHVUlF5ERSYW.pdf,3,"approved, last year, this year",20119.3,39790.0,18477.2,15352.6,29222.0,14530.5,4603.1,7977.2,3593.1,162.6,2588.3,350.2,18760.8,49178.5,23303.4,16618.9,36621.7,17471.4,2141.9,12556.8,5832.0,7193.1,15775.1,6715.6,3588.0,-3838.4,-2424.0,1358.5,-9388.6,-4826.2,2229.5,5550.1,2402.1,3279.1,3873.0,1261.4,1094.8,2123.5,708.9,2068.3,12378.7,5272.1,6159.0,9911.3,5480.8,2610.4,5403.2,2488.3,1534.6,4578.6,1706.5,1137.0,2023.2,578.6,1018.8,1857.9,918.4,408.8,709.9,468.0,1536.4,1859.6,2090.5,1066.8,1852.9,982.0,30 June 2025,94824.0,85572.0,9252.0
2025-07-17,26,2025-07-17,https://www.finance.gov.mv/public/attachments/A2mMDktfi0TZGG5nzG1Sj1QhvjvHgczDADYuQ5Zq.pdf,3,"approved, last year, this year",20516.7,39790.0,19009.6,15660.7,29222.0,14977.4,4689.8,7977.2,3678.0,165.3,2588.3,350.6,19461.4,49178.5,23692.3,17193.3,36621.7,17817.6,2268.2,12556.8,5874.7,7198.6,15775.1,6718.3,3484.9,-3838.4,-2196.8,1055.3,-9388.6,-4682.7,2429.5,5550.1,2485.9,3279.5,3873.0,1265.4,1095.6,2123.5,728.7,2191.6,12378.7,5312.4,6183.5,9911.3,5544.1,2651.2,5403.2,2521.0,1601.3,4578.6,1763.2,1151.2,2023.2,587.8,1036.7,1857.9,927.9,408.8,709.9,468.0,1681.2,1859.6,2090.5,1099.1,1852.9,1000.1,14 July 2025,94577.0,85325.0,9252.0
2025-07-24,27,2025-07-24,https://www.finance.gov.mv/public/attachments/nO3P9RA6pa4anttv0fmx71yC5RhvkQ9xQqQHkG9S.pdf,3,"approved, last year, this year",21565.5,39790.0,19891.5,16522.0,29222.0,15557.1,4869.8,7977.2,3977.1,172.6,2588.3,353.7,21449.6,49178.5,24183.2,18877.2,36621.7,18242.1,2572.4,12556.8,5941.1,8214.9,15775.1,6724.2,2688.4,-3838.4,-1805.3,115.9,-9388.6,-4291.7,2572.5,5550.1,2486.4,3531.8,3873.0,1457.3,1183.7,2123.5,757.4,3250.0,12378.7,5545.2,6458.4,9911.3,5696.7,2746.2,5403.2,2590.7,1655.4,4578.6,1834.9,1212.4,2023.2,606.0,1045.0,1857.9,987.3,409.0,709.9,468.0,1783.4,1859.6,2144.2,1110.0,1852.9,1000.3,14 July 2025,94577.0,85325.0,9252.0
2025-07-31,28,2025-07-31,https://www.finance.gov.mv/public/attachments/hsZCxgoqnHB20PorinMxClL27gcYQyn6VQTwThlI.pdf,3,"approved, last year, this year",22184.8,39790.0,21571.9,17126.1,29222.0,17114.9,4885.1,7977.2,4098.5,172.6,2588.3,354.9,21870.6,49178.5,26470.4,19175.5,36621.7,19601.9,2695.1,12556.8,6868.5,8397.4,15775.1,7849.6,2901.6,-3838.4,-2160.7,314.3,-9388.6,-4898.5,2587.4,5550.1,2737.8,3531.8,3873.0,1550.7,1188.2,2123.5,783.8,3369.2,12378.7,5899.1,6671.9,9911.3,5971.2,2869.6,5403.2,2872.7,1672.4,4578.6,1904.9,1256.9,2023.2,632.4,1046.7,1857.9,1015.2,409.0,709.9,468.0,1801.4,1859.6,2493.9,1131.6,1852.9,1033.9,28 July 2025,94537.0,85285.0,9252.0
2025-08-07,29,2025-08-07,https://www.finance.gov.mv/public/attachments/YGTHmQSsmcp64jcvIsscAosyOYEnhXWZRygtIKjE.pdf,3,"approved, last year, this year",23723.2,39790.0,21948.3,18512.2,29222.0,17431.8,5036.7,7977.2,4158.1,173.1,2588.3,355.1,22301.4,49178.5,26767.9,19519.5,36621.7,19740.7,2781.8,12556.8,7027.3,8399.4,15775.1,7859.4,4127.3,-3838.4,-2033.4,1421.9,-9388.6,-4819.6,2705.4,5550.1,2786.3,3870.6,3873.0,1551.1,1218.9,2123.5,784.9,3446.9,12378.7,6050.9,6750.4,9911.3,5982.9,3090.9,5403.2,2959.9,1722.4,4578.6,1972.1,1279.8,2023.2,635.5,1048.3,1857.9,1017.9,409.0,709.9,469.9,1836.4,1859.6,2496.0,1169.8,1852.9,1033.9,28 July 2025,94537.0,85285.0,9252.0
2025-08-14,30,2025-08-14,https://www.finance.gov.mv/public/attachments/mHdRPCyn9g88x2JbsuIv3hSyePJgWn2tK7uSPDjx.pdf,3,"approved, last year, this year",24155.0,39790.0,22435.7,18803.5,29222.0,17641.9,5150.3,7977.2,4423.0,200.0,2588.3,367.4,22788.0,49178.5,27131.3,19887.3,36621.7,20031.0,2900.7,12556.8,7100.3,8400.0,15775.1,7862.1,4125.9,-3838.4,-1810.2,1367.0,-9388.6,-4695.6,2758.9,5550.1,2885.4,3948.8,3873.0,1551.1,1228.0,2123.5,862.2,3562.8,12378.7,6120.4,6809.1,9911.3,6012.8,3146.0,5403.2,2983.2,1752.6,4578.6,2033.0,1300.6,2023.2,644.8,1053.8,1857.9,1021.6,409.0,709.9,519.9,1953.6,1859.6,2502.6,1205.6,1852.9,1086.3,11 August 2025,95337.0,86085.0,9252.0
2025-08-21,31,2025-08-21,https://www.finance.gov.mv/public/attachments/yQciwaDhhwGb0u3eJEImsjCupH3rHBJuK7ceInM7.pdf,3,"approved, last year, this year",24525.5,39790.0,22884.5,19101.3,29222.0,17941.1,5221.0,7977.2,4571.8,202.0,2588.3,368.3,23344.9,49178.5,27809.9,20364.9,36621.7,20588.6,2980.0,12556.8,7221.3,8400.9,15775.1,7865.4,3975.4,-3838.4,-1989.7,1180.6,-9388.6,-4925.3,2794.8,5550.1,2935.6,3948.5,3873.0,1613.8,1252.5,2123.5,875.0,3638.3,12378.7,6236.4,6880.7,9911.3,6091.4,3182.7,5403.2,3012.5,1821.3,4578.6,2082.8,1321.5,2023.2,660.8,1053.8,1857.9,1040.6,409.0,709.9,572.6,2010.5,1859.6,2646.9,1285.6,1852.9,1129.8,11 August 2025,95337.0,86085.0,9252.0
2025-08-28,32,2025-08-28,https://www.finance.gov.mv/public/attachments/tdBzRtXuo1MmJqdPfNlsORBmQDZ5YnjbXpKyUuY5.pdf,3,"approved, last year, this year",25306.6,39790.0,24075.0,19711.7,29222.0,19027.6,5390.5,7977.2,4672.8,203.1,2588.3,371.1,24772.0,49178.5,29363.7,21652.2,36621.7,22025.2,3119.8,12556.8,7338.4,9416.8,15775.1,8947.1,3329.6,-3838.4,-2328.5,534.6,-9388.6,-5288.6,2795.0,5550.1,2960.2,3949.6,3873.0,1613.8,1344.5,2123.5,916.3,3969.7,12378.7,6351.9,7174.4,9911.3,6577.5,3274.7,5403.2,3285.0,1867.2,4578.6,2153.2,1414.4,2023.2,717.4,1054.2,1857.9,1044.5,463.7,709.9,572.6,2049.9,1859.6,2707.8,1320.5,1852.9,1129.8,25 August 2025,95447.0,86195.0,9252.0
2025-09-04,33,2025-09-04,https://www.finance.gov.mv/public/attachments/ECZ52cewWGt9jss7ZgjnMSZICvddOvwhHCzssTRD.pdf,3,"approved, last year, this year",26311.5,39790.0,24357.9,20514.1,29222.0,19212.5,5592.9,7977.2,4803.1,203.1,2588.3,372.4,25442.8,49178.5,30108.7,22167.8,36621.7,22313.4,3275.0,12556.8,7795.3,9584.6,15775.1,9009.2,3754.2,-3838.4,-2788.3,868.7,-9388.6,-5750.8,2885.5,5550.1,2962.5,3949.6,3873.0,1614.2,1387.2,2123.5,937.7,4123.6,12378.7,6806.4,7456.0,9911.3,6616.2,3519.5,5403.2,3328.4,1994.1,4578.6,2209.8,1474.6,2023.2,720.7,1070.3,1857.9,1047.9,463.7,709.9,572.6,2193.1,1859.6,2802.2,1346.4,1852.9,1179.3,25 August 2025,95447.0,86195.0,9252.0
2025-09-11,34,2025-09-11,https://www.finance.gov.mv/public/attachments/IXZc2nh6zT9IddFWjRx7P1gC7JmcVZ9nKOX6BP36.pdf,3,"approved, last year, this year",26655.3,39790.0,24650.0,20690.3,29222.0,19370.4,5751.6,7977.2,4781.2,212.0,2588.3,527.8,25937.3,49178.5,30713.6,22613.7,36621.7,22789.7,3323.6,12556.8,7923.8,9590.1,15775.1,9012.3,3797.3,-3838.4,-2863.8,718.0,-9388.6,-6063.5,3079.2,5550.1,3199.8,4271.7,3873.0,1879.7,1409.8,2123.5,947.9,4157.3,12378.7,6922.4,7495.6,9911.3,6645.3,3563.6,5403.2,3360.4,2047.8,4578.6,2266.2,1482.6,2023.2,725.1,1089.8,1857.9,1065.5,463.7,709.9,572.6,2253.7,1859.6,2802.3,1375.3,1852.9,1302.9,08 September 2025,96083.0,86831.0,9252.0
2025-09-18,35,2025-09-18,https://www.finance.gov.mv/public/attachments/2mxJWSmDHyipy3IVmG0YCjMiF3dYSlNtTEl0gVH8.pdf,3,"approved, last year, this year",27368.6,39790.0,25741.4,20933.6,29222.0,19776.8,6220.8,7977.2,5470.0,212.8,2588.3,525.9,26627.5,49178.5,31375.1,23136.1,36621.7,23184.6,3491.3,12556.8,8190.5,9590.1,15775.1,9014.8,4034.7,-3838.4,-2343.6,741.2,-9388.6,-5633.7,3293.5,5550.1,3290.1,4319.0,3873.0,1926.6,1453.7,2123.5,970.3,4229.6,12378.7,7135.8,7550.5,9911.3,6701.1,3601.4,5403.2,3444.6,2072.0,4578.6,2355.1,1501.4,2023.2,741.8,1126.8,1857.9,1159.5,463.7,709.9,572.6,2254.1,1859.6,2844.2,1406.5,1852.9,1389.5,08 September 2025,96083.0,86831.0,9252.0
2025-09-25,36,2025-09-25,https://www.finance.gov.mv/public/attachments/syz945Tp4oLRY19L8zwondxHkAS9a6syYvNyu2t8.pdf,3,"approved, last year, this year",28227.0,39790.0,26226.3,21399.9,29222.0,20079.2,6592.9,7977.2,5636.9,232.6,2588.3,541.5,28119.9,49178.5,32692.7,24634.0,36621.7,23993.1,3485.9,12556.8,8699.6,10556.9,15775.1,9201.8,3514.9,-3838.4,-3124.2,107.1,-9388.6,-6466.4,3407.8,5550.1,3342.3,4326.1,3873.0,1938.4,1472.5,2123.5,1013.8,4737.1,12378.7,7696.7,7730.8,9911.3,6858.0,3696.3,5403.2,3492.7,2099.6,4578.6,2409.5,1560.5,2023.2,765.2,1268.4,1857.9,1266.9,463.7,709.9,572.6,2353.6,1859.6,3024.5,1438.2,1852.9,1481.5,22 September 2025,95784.0,86532.0,9252.0
2025-10-02,37,2025-10-02,https://www.finance.gov.mv/public/attachments/iarBlcyeccbL6xyO2y5sf6wuvdI3QNCFoIOmqk9s.pdf,3,"approved, last year, this year",29533.5,39790.0,27328.2,22370.0,29222.0,20861.8,6922.5,7977.2,5923.8,239.5,2588.3,573.7,29440.0,49178.5,34641.4,25650.2,36621.7,25676.0,3789.8,12556.8,8965.3,10805.3,15775.1,10162.7,3919.2,-3838.4,-3562.8,93.5,-9388.6,-7313.2,3825.7,5550.1,3750.4,4331.5,3873.0,1952.1,1587.7,2123.5,1060.3,5417.5,12378.7,7960.4,8120.0,9911.3,7207.5,3958.5,5403.2,3751.2,2249.9,4578.6,2477.8,1650.9,2023.2,810.4,1445.9,1857.9,1415.8,465.9,709.9,572.6,2404.9,1859.6,3075.3,1510.3,1852.9,1585.2,22 September 2025,95784.0,86532.0,9252.0
2025-10-09,38,2025-10-09,https://www.finance.gov.mv/public/attachments/IG6iDRfGQLDrnr4wXKcXz1TVWL5KA4pVU3Scd2MC.pdf,3,"approved, last year, this year",30292.2,39790.0,27783.5,22729.3,29222.0,21058.2,7307.3,7977.2,6182.3,253.9,2588.3,573.8,29909.7,49178.5,35111.0,26024.1,36621.7,26092.4,3885.6,12556.8,9018.6,10807.8,15775.1,10166.2,4251.4,-3838.4,-3390.1,382.5,-9388.6,-7327.5,3868.9,5550.1,3937.3,4331.5,3873.0,2003.2,1595.9,2123.5,1084.2,5593.7,12378.7,8009.7,8230.3,9911.3,7245.1,4060.6,5403.2,3803.4,2325.6,4578.6,2548.8,1690.3,2023.2,822.3,1488.7,1857.9,1420.2,649.2,709.9,727.3,2486.0,1859.6,3082.0,1608.1,1852.9,1701.2,06 October 2025,96577.0,87325.0,9252.0
2025-10-16,39,2025-10-16,https://www.finance.gov.mv/public/attachments/2etkm4uQQEenVKGRfHWWjqDKFL4yH9WMAq6SbBsh.pdf,3,"approved, last year, this year",30668.0,39790.0,28277.9,23035.8,29222.0,21399.0,7376.5,7977.2,6346.3,254.0,2588.3,563.6,30481.3,49178.5,35987.9,26465.2,36621.7,26409.5,4016.1,12556.8,9578.3,10808.8,15775.1,10168.9,4115.2,-3838.4,-3771.0,186.7,-9388.6,-7709.9,3928.5,5550.1,3939.0,4403.0,3873.0,2019.6,1612.7,2123.5,1109.8,5911.4,12378.7,8561.5,8292.7,9911.3,7305.2,4089.9,5403.2,3852.3,2415.0,4578.6,2653.2,1713.2,2023.2,834.6,1492.7,1857.9,1438.6,649.2,709.9,727.3,2490.6,1859.6,3277.2,1610.9,1852.9,1708.3,06 October 2025,96577.0,87325.0,9252.0
2025-10-23,40,2025-10-23,https://www.finance.gov.mv/public/attachments/70KpdhVx0dq270Au2WnwRVbdljlhLgSudduIV5My.pdf,3,"approved, last year, this year",31257.7,39790.0,28657.0,23515.0,29222.0,21695.3,7471.0,7977.2,6425.4,269.9,2588.3,567.3,31251.4,49178.5,36689.5,27014.1,36621.7,27027.8,4237.4,12556.8,9661.7,10817.3,15775.1,10314.7,3943.4,-3838.4,-4000.4,6.3,-9388.6,-8032.5,3937.2,5550.1,4032.1,4438.5,3873.0,2019.6,1655.4,2123.5,1130.0,6130.7,12378.7,8639.9,8464.0,9911.3,7402.7,4175.6,5403.2,3914.5,2526.9,4578.6,2758.4,1746.0,2023.2,848.2,1500.2,1857.9,1443.6,649.2,709.9,727.3,2714.1,1859.6,3322.9,1691.6,1852.9,1715.5,20 October 2025,96641.0,87389.0,9252.0
2025-10-30,41,2025-10-30,https://www.finance.gov.mv/public/attachments/cYPnKDlZJF4RiPAVgm9lhTRzbtyoM9o0P7tM0grp.pdf,3,"approved, last year, this year",32215.5,39790.0,29822.5,24314.5,29222.0,22731.0,7627.3,7977.2,6547.2,271.9,2588.3,575.3,32962.6,49178.5,38369.7,28517.5,36621.7,28284.6,4445.1,12556.8,10085.1,11925.1,15775.1,11236.8,3211.1,-3838.4,-4502.7,-747.2,-9388.6,-8547.2,3958.3,5550.1,4044.5,4466.8,3873.0,2051.3,1773.2,2123.5,1170.8,6341.2,12378.7,8900.7,8855.9,9911.3,7814.0,4373.8,5403.2,4201.2,2571.3,4578.6,3007.0,1820.5,2023.2,884.9,1503.8,1857.9,1464.8,650.4,709.9,727.3,2763.0,1859.6,3346.7,1760.4,1852.9,1785.4,20 October 2025,96641.0,87389.0,9252.0
2025-11-06,42,2025-11-06,https://www.finance.gov.mv/public/attachments/AFocS9AF2DkVigWFRPNEfxlLb7lk2Z6jIxnI9y9w.pdf,3,"approved, last year, this year",32619.0,39790.0,32366.0,24623.8,29222.0,24520.1,7714.4,7977.2,7265.7,278.9,2588.3,611.6,33640.8,49178.5,42853.7,28819.4,36621.7,31393.1,4821.4,12556.8,11460.6,12030.5,15775.1,12471.5,2941.4,-3838.4,-6029.5,-1021.8,-9388.6,-10487.7,3963.2,5550.1,4458.2,4483.4,3873.0,2268.5,1786.4,2123.5,1174.7,6341.2,12378.7,8900.7,8906.6,9911.3,8650.1,4533.8,5403.2,4603.0,2636.4,4578.6,3247.8,1842.4,2023.2,978.3,1514.9,1857.9,1517.9,650.4,709.9,727.3,2859.6,1859.6,3573.0,1760.5,1852.9,1894.8,04 November 2025,97326.0,88074.0,9252.0
2025-11-13,43,2025-11-13,https://www.finance.gov.mv/public/attachments/qxL4qej1VANpYTyTXOWBJ3cfLl8Egt1RGoZBQEFl.pdf,3,"approved, last year, this year",33244.2,39790.0,30255.4,24786.8,29222.0,23011.9,8176.5,7977.2,6696.0,278.9,2588.3,578.6,34051.5,49178.5,39356.3,29192.4,36621.7,28817.6,4859.1,12556.8,10538.7,12032.3,15775.1,11309.6,3183.4,-3838.4,-4867.6,-807.3,-9388.6,-9100.9,3990.8,5550.1,4233.3,4483.4,3873.0,2077.1,2171.4,2123.5,1189.3,6924.4,12378.7,9308.8,8959.2,9911.3,7876.4,4560.6,5403.2,4247.6,2657.9,4578.6,3113.4,1865.4,2023.2,896.8,1519.2,1857.9,1482.4,654.7,709.9,727.3,3003.2,1859.6,3380.2,1811.0,1852.9,1836.6,04 November 2025,97326.0,88074.0,9252.0
2025-11-20,44,2025-11-20,https://www.finance.gov.mv/public/attachments/USe6z8OtUGf5IDL5nstDEnbIePBKdtPZlOzbppQN.pdf,3,"approved, last year, this year",33532.5,39790.0,30616.6,25226.5,29222.0,23254.3,8011.3,7977.2,6813.8,292.6,2588.3,580.1,35052.5,49178.5,40083.3,30012.9,36621.7,29201.1,5039.6,12556.8,10882.2,12058.6,15775.1,11311.3,2659.6,-3838.4,-5163.7,-1520.0,-9388.6,-9466.7,4179.6,5550.1,4303.0,4510.6,3873.0,2081.8,2281.2,2123.5,1230.6,6999.7,12378.7,9642.8,9064.5,9911.3,7936.6,4622.5,5403.2,4279.3,2769.0,4578.6,3163.0,1892.6,2023.2,914.0,1531.8,1857.9,1500.6,654.7,709.9,727.3,3138.1,1859.6,3380.3,1937.6,1852.9,1837.5,17 November 2025,97186.0,87934.0,9252.0
2025-11-27,45,2025-11-27,https://www.finance.gov.mv/public/attachments/VlnwysmkrDqHbpjNx5m0JyAz47A9M0K7SxgtoxR9.pdf,3,"approved, last year, this year",34966.8,39790.0,31734.8,26110.1,29222.0,23989.0,8557.9,7977.2,7191.2,296.8,2588.3,586.0,36405.1,49178.5,41959.5,31193.0,36621.7,30753.0,5212.1,12556.8,11206.5,12921.3,15775.1,12405.3,2776.5,-3838.4,-5890.2,-1438.3,-9388.6,-10224.8,4214.7,5550.1,4334.5,4963.7,3873.0,2120.3,2359.9,2123.5,1276.1,7182.9,12378.7,9960.2,9570.7,9911.3,8383.8,4794.4,5403.2,4435.1,2794.9,4578.6,3203.8,1990.4,2023.2,953.7,1538.0,1857.9,1505.0,654.7,709.9,727.3,3194.3,1859.6,3553.1,1965.1,1852.9,1847.4,17 November 2025,97186.0,87934.0,9252.0
2025-12-04,46,2025-12-04,https://www.finance.gov.mv/public/attachments/zmtXmIjafahuhTqYzj1iggUHQEkVkCPohGe7rQMw.pdf,3,"approved, last year, this year",35770.4,39790.0,32341.1,26759.2,29222.0,24493.2,8711.1,7977.2,7275.5,298.0,2588.3,603.8,37422.9,49178.5,42754.9,32127.7,36621.7,31313.2,5295.2,12556.8,11441.7,13359.3,15775.1,12470.7,2661.2,-3838.4,-5933.2,-1652.5,-9388.6,-10413.8,4313.7,5550.1,4480.6,4966.4,3873.0,2268.5,2422.6,2123.5,1289.0,7239.0,12378.7,10192.2,9848.8,9911.3,8644.6,4969.9,5403.2,4593.5,2862.1,4578.6,3241.6,2040.2,2023.2,977.3,1561.3,1857.9,1516.3,654.7,709.9,727.3,3240.5,1859.6,3573.0,2013.8,1852.9,1886.5,01 December 2025,96697.0,87445.0,9252.0
2025-12-11,47,2025-12-11,https://www.finance.gov.mv/public/attachments/0GQjcZfkSXrnqGipgf3XmaP3Wv6jseZhQEVHhuYY.pdf,3,"approved, last year, this year",36031.7,39790.0,32621.5,26938.1,29222.0,24658.0,8790.0,7977.2,7382.7,301.5,2588.3,612.2,37923.2,49178.5,43434.7,32550.2,36621.7,31757.0,5373.0,12556.8,11677.7,13362.1,15775.1,12472.9,2465.9,-3838.4,-6317.1,-1891.5,-9388.6,-10813.1,4357.4,5550.1,4496.0,5112.1,3873.0,2289.6,2429.9,2123.5,1291.0,7313.9,12378.7,10400.8,9909.1,9911.3,8682.2,5021.5,5403.2,4617.7,2878.7,4578.6,3304.6,2050.9,2023.2,987.8,1586.6,1857.9,1544.3,654.7,709.9,727.3,3386.1,1859.6,3623.0,2015.4,1852.9,2006.1,01 December 2025,96697.0,87445.0,9252.0
2025-12-18,48,2025-12-18,https://www.finance.gov.mv/public/attachments/VZXWk8tKZ0RyvgCTJq95u4HMk5RdZLmuKwOtUJoG.pdf,3,"approved, last year, this year",36907.4,39790.0,33088.2,27462.2,29222.0,24960.1,9141.5,7977.2,7539.4,301.5,2588.3,620.0,38923.8,49178.5,44621.9,33363.3,36621.7,32255.4,5560.5,12556.8,12366.4,13375.9,15775.1,12476.3,2524.9,-3838.4,-6930.9,-2016.4,-9388.6,-11533.7,4541.3,5550.1,4602.8,5156.5,3873.0,2306.4,2499.6,2123.5,1325.4,7458.0,12378.7,11074.7,10083.2,9911.3,8762.9,5080.7,5403.2,4667.0,2984.3,4578.6,3358.9,2099.4,2023.2,999.7,1739.5,1857.9,1589.5,662.5,709.9,727.3,3434.0,1859.6,3624.3,2093.0,1852.9,2032.5,15 December 2025,98502.0,89250.0,9252.0
2025-12-25,49,2025-12-25,https://www.finance.gov.mv/public/attachments/7mmTYlqCwzizlKIhCXFHdtRh3SCzdvrnxLtcK93D.pdf,3,"approved, last year, this year",38554.3,39790.0,33958.2,28428.4,29222.0,25569.3,9745.3,7977.2,7778.4,378.4,2588.3,641.1,41122.0,49178.5,46455.5,35078.6,36621.7,33900.4,6043.3,12556.8,12555.0,14203.5,15775.1,13531.2,2119.9,-3838.4,-7880.3,-2567.7,-9388.6,-12497.3,4687.6,5550.1,4617.0,5158.6,3873.0,2306.4,2580.4,2123.5,1354.9,7972.3,12378.7,11246.1,10617.9,9911.3,9162.5,5245.0,5403.2,4750.6,3046.0,4578.6,3407.7,2201.9,2023.2,1041.0,1913.4,1857.9,1734.6,662.5,709.9,727.3,3449.8,1859.6,3812.1,2311.7,1852.9,2111.6,15 December 2025,98502.0,89250.0,9252.0
2025-12-31,50,2025-12-31,https://www.finance.gov.mv/public/attachments/3Wvep7RRasFb2pnggi7yxM8hubsoXx1MK7moQATv.pdf,3,"approved, last year, this year",39644.7,39790.0,35109.8,29179.6,29222.0,26390.8,10047.6,7977.2,8102.1,415.2,2588.3,676.2,43121.0,49178.5,48217.8,36294.1,36621.7,34871.6,6826.9,12556.8,13346.2,14707.6,15775.1,13640.2,1211.2,-3838.4,-8439.4,-3476.3,-9388.6,-13108.0,4687.6,5550.1,4668.6,5158.6,3873.0,2306.4,2656.9,2123.5,1389.9,8650.2,12378.7,11934.5,10975.3,9911.3,9530.4,5457.2,5403.2,5031.4,3086.0,4578.6,3453.3,2251.6,2023.2,1080.7,2067.1,1857.9,1883.5,662.5,709.9,736.7,3449.8,1859.6,3920.5,2587.4,1852.9,2422.8,29 December 2025,99615.0,90363.0,9252.0
2026-01-08,1,2026-01-08,https://www.finance.gov.mv/public/attachments/yRqgXH3TXk1L1PPVZcYNS02mT4DG6M2pEzDxqZC5.pdf,3,"approved, last year, this year",295.4,40374.5,281.6,223.0,31297.1,173.1,72.4,8702.3,108.4,0.0,373.6,0.0,347.3,49214.4,78.5,346.1,39930.1,78.4,1.1,9284.4,0.0,3.9,17088.4,2.5,-30.7,-3282.6,228.8,-51.8,-8839.9,203.2,21.1,5557.3,25.6,22.9,12914.3,49.9,0.8,2429.4,6.5,0.0,8312.1,0.0,92.9,11473.2,49.1,39.3,5622.2,50.8,36.9,3127.7,40.6,19.9,2395.4,5.6,9.5,2034.6,43.1,0.0,552.3,0.0,41.0,2890.0,14.8,0.0,2022.6,0.0,29 December 2025,99615.0,90363.0,9252.0
2026-01-15,2,2026-01-15,https://www.finance.gov.mv/public/attachments/AWo4s6taQ8vwJUho2ktA3NrKAsIrvbR0Bus4bg9Z.pdf,3,"approved, last year, this year",847.5,40374.5,722.1,653.6,31297.1,532.9,193.8,8702.3,184.8,0.0,373.6,4.2,623.6,49214.4,263.8,622.3,39930.1,263.6,1.3,9284.4,0.2,5.2,17088.4,8.3,365.6,-3282.6,567.9,223.9,-8839.9,458.3,141.7,5557.3,109.6,123.2,12914.3,105.9,25.7,2429.4,18.9,0.0,8312.1,0.0,167.9,11473.2,118.7,72.4,5622.2,87.1,109.6,3127.7,84.7,42.2,2395.4,15.2,41.5,2034.6,49.3,0.0,552.3,1.2,61.5,2890.0,24.7,61.0,2022.6,14.7,12 January 2026,100487.2,91235.2,9252.0
2026-01-22,3,2026-01-22,https://www.finance.gov.mv/public/attachments/pU8mIS9gbfawYOEZGPDmMybgD7DqMSg3OTKOSPmm.pdf,3,"approved, last year, this year",1596.0,40374.5,1281.1,1297.6,31297.1,1001.1,298.3,8702.3,275.5,0.0,373.6,4.2,942.5,49214.4,553.0,914.1,39930.1,549.7,28.4,9284.4,3.3,6.6,17088.4,10.5,906.9,-3282.6,864.4,653.5,-8839.9,728.1,253.4,5557.3,136.3,261.3,12914.3,339.5,66.5,2429.4,52.6,15.3,8312.1,192.3,350.7,11473.2,202.0,141.5,5622.2,148.6,163.8,3127.7,129.2,94.6,2395.4,37.0,51.3,2034.6,57.3,0.0,552.3,1.2,103.3,2890.0,24.7,78.7,2022.6,43.3,12 January 2026,100487.2,91235.2,9252.0
2026-01-29,4,2026-01-29,https://www.finance.gov.mv/public/attachments/k4YOp0EydK3ETsIBH58eBiI49bk2zBiSJ3lyrEI5.pdf,3,"approved, last year, this year",4623.1,40374.5,3311.3,3851.6,31297.1,2884.0,771.4,8702.3,421.1,0.0,373.6,6.0,2752.2,49214.4,2220.3,2587.9,39930.1,2122.8,164.3,9284.4,97.6,1138.8,17088.4,961.9,2127.0,-3282.6,1372.2,1870.9,-8839.9,1091.0,256.1,5557.3,281.2,274.8,12914.3,439.6,186.8,2429.4,119.6,167.8,8312.1,282.0,1177.3,11473.2,1042.2,554.4,5622.2,504.3,211.5,3127.7,192.3,206.1,2395.4,107.1,90.1,2034.6,64.8,0.0,552.3,1.2,150.7,2890.0,241.5,312.0,2022.6,138.4,26 January 2026,100404.9,91152.9,9252.0
2026-02-05,5,2026-02-05,https://www.finance.gov.mv/public/attachments/Z3TPGn5ZKpxb24NTkRhXIsB4iNf5fEg0DM3kiijC.pdf,3,"approved, last year, this year",5342.4,40374.5,4201.9,4490.6,31297.1,3674.2,845.2,8702.3,508.8,6.5,373.6,18.6,3236.3,49214.4,2746.6,3042.8,39930.1,2637.3,193.5,9284.4,109.2,1275.0,17088.4,1157.1,2428.8,-3282.6,1815.8,2106.1,-8839.9,1455.3,322.8,5557.3,360.4,532.6,12914.3,445.6,189.4,2429.4,127.0,195.4,8312.1,284.6,1266.1,11473.2,1132.0,609.4,5622.2,569.4,256.2,3127.7,265.0,234.4,2395.4,112.4,96.5,2034.6,69.4,0.0,552.3,1.2,228.8,2890.0,264.8,349.7,2022.6,236.2,26 January 2026,100404.9,91152.9,9252.0
2026-02-12,6,2026-02-12,https://www.finance.gov.mv/public/attachments/m2qAlbDZHtLpXX2c2Ga16tdKXPZG4y72zGmE6nvk.pdf,3,"approved, last year, this year",5774.8,40374.5,4557.2,4840.8,31297.1,3878.6,910.5,8702.3,648.3,23.3,373.6,30.0,3812.9,49214.4,3325.9,3595.2,39930.1,3150.1,217.7,9284.4,175.8,1414.9,17088.4,1158.8,2332.9,-3282.6,1811.8,1961.9,-8839.9,1231.2,371.1,5557.3,580.6,544.3,12914.3,472.3,189.4,2429.4,196.1,231.4,8312.1,329.0,1407.8,11473.2,1165.7,662.2,5622.2,596.4,325.6,3127.7,322.9,260.2,2395.4,123.2,103.6,2034.6,70.2,0.0,552.3,1.2,417.3,2890.0,274.4,361.4,2022.6,410.3,09 February 2026,100381.4,91129.4,9252.0
2026-02-19,7,2026-02-19,https://www.finance.gov.mv/public/attachments/PnKBpvo4Dczp8U7pCrc5PMp6HdyC6fbKjs3lJquP.pdf,3,"approved, last year, this year",6319.9,40374.5,5022.8,5273.0,31297.1,4226.5,1012.5,8702.3,755.0,34.2,373.6,41.1,4363.4,49214.4,3916.3,3968.0,39930.1,3735.5,395.5,9284.4,180.8,1415.9,17088.4,1293.2,2335.1,-3282.6,1817.4,1956.4,-8839.9,1106.6,378.7,5557.3,710.8,590.3,12914.3,2055.2,272.0,2429.4,208.6,406.9,8312.1,333.0,1495.1,11473.2,1283.8,701.1,5622.2,627.9,355.5,3127.7,380.2,281.3,2395.4,142.1,105.5,2034.6,90.8,0.0,552.3,1.2,480.6,2890.0,284.5,365.5,2022.6,410.6,09 February 2026,100381.4,91129.4,9252.0
2026-02-26,8,2026-02-26,https://www.finance.gov.mv/public/attachments/G0Dwchk89Vtdhc5gI03nkwk465pXu0vEin0yVwhy.pdf,3,"approved, last year, this year",7786.5,40374.5,6023.7,6467.1,31297.1,4951.2,1272.5,8702.3,1028.9,46.5,373.6,43.3,5905.6,49214.4,5925.5,5471.5,39930.1,5594.0,434.1,9284.4,331.5,2641.6,17088.4,2410.5,2293.1,-3282.6,1007.4,1880.9,-8839.9,98.2,412.2,5557.3,909.3,636.1,12914.3,2272.5,287.1,2429.4,280.0,447.8,8312.1,482.9,2321.8,11473.2,1665.9,847.9,5622.2,734.0,410.1,3127.7,436.8,410.8,2395.4,222.2,108.9,2034.6,92.6,0.0,552.3,1.2,509.3,2890.0,582.2,365.5,2022.6,428.0,23 February 2026,100764.2,91512.2,9252.0
2026-03-05,9,2026-03-05,https://www.finance.gov.mv/public/attachments/0chck12PIBrfca8FrEaXHLa0CdVS4mn46N8U3M1K.pdf,3,"approved, last year, this year",8677.5,40374.5,7868.5,7271.3,31297.1,6114.5,1359.2,8702.3,1710.2,46.5,373.6,43.5,6615.8,49214.4,6137.5,6066.1,39930.1,5741.4,549.7,9284.4,396.1,2723.7,17088.4,2467.0,2639.1,-3282.6,2659.2,2061.7,-8839.9,1731.0,577.5,5557.3,928.2,798.2,12914.3,2272.9,323.0,2429.4,343.1,571.3,8312.1,545.6,2758.7,11473.2,2380.0,1058.1,5622.2,970.3,449.2,3127.7,472.7,473.0,2395.4,316.5,116.6,2034.6,105.4,0.0,552.3,1.2,619.3,2890.0,582.2,408.6,2022.6,428.0,23 February 2026,100764.2,91512.2,9252.0
2026-03-12,10,2026-03-12,https://www.finance.gov.mv/public/attachments/lxOYovKDkc4tTYZu2fdjvqpzV1n2VbSVc86hjShc.pdf,3,"approved, last year, this year",9316.5,40374.5,8296.4,7682.3,31297.1,6367.5,1581.9,8702.3,1872.6,52.0,373.6,55.9,7226.7,49214.4,6841.2,6561.8,39930.1,6422.7,664.9,9284.4,418.5,2724.8,17088.4,2471.1,2667.5,-3282.6,2873.0,2089.8,-8839.9,1455.3,577.7,5557.3,1417.7,799.1,12914.3,2377.5,425.1,2429.4,363.3,694.7,8312.1,564.2,2860.0,11473.2,2434.9,1132.6,5622.2,1011.0,527.8,3127.7,534.7,497.3,2395.4,335.8,174.3,2034.6,161.3,0.0,552.3,1.2,758.3,2890.0,593.1,408.6,2022.6,493.9,09 March 2026,100298.8,91046.8,9252.0
2026-03-19,11,2026-03-19,https://www.finance.gov.mv/public/attachments/BOVNuHBsOxGhPXMXNhR9cJgftHDdxN4vm88vMSg5.pdf,3,"approved, last year, this year",9377.0,40374.5,8979.1,7729.1,31297.1,6851.9,1595.5,8702.3,2070.3,52.0,373.6,56.5,7273.6,49214.4,8105.5,6608.5,39930.1,7384.4,665.2,9284.4,721.1,2725.0,17088.4,2645.2,2681.0,-3282.6,2322.4,2103.3,-8839.9,873.7,577.7,5557.3,1448.8,809.6,12914.3,2377.5,425.1,2429.4,391.6,695.4,8312.1,857.7,2860.0,11473.2,2565.7,1142.1,5622.2,1047.8,545.1,3127.7,633.7,497.3,2395.4,387.2,174.3,2034.6,261.4,0.0,552.3,1.2,758.3,2890.0,818.9,413.3,2022.6,602.4,09 March 2026,100298.8,91046.8,9252.0
2026-03-26,12,2026-03-26,https://www.finance.gov.mv/public/attachments/zwGm639cLKPGAcrKXwQqRrIpCXHRbM4izxsF04x0.pdf,3,"approved, last year, this year",10569.8,40374.5,9588.7,8620.1,31297.1,7103.3,1884.2,8702.3,2427.8,65.0,373.6,57.2,8360.4,49214.4,9224.5,7452.2,39930.1,8410.4,908.3,9284.4,814.0,3194.3,17088.4,3558.6,2879.2,-3282.6,1815.9,2209.4,-8839.9,364.3,669.8,5557.3,1451.7,826.8,12914.3,2377.5,520.6,2429.4,440.3,933.9,8312.1,950.4,3301.1,11473.2,2665.0,1222.8,5622.2,1073.1,618.3,3127.7,672.9,585.7,2395.4,407.7,332.5,2034.6,289.9,0.0,552.3,244.0,891.2,2890.0,818.9,416.8,2022.6,619.8,23 March 2026,100803.3,91551.3,9252.0
2026-04-02,13,2026-04-02,https://www.finance.gov.mv/public/attachments/7LlOgczpAwfYji5kJm5K4TGTP8keGS9BhlFFqZNo.pdf,3,"approved, last year, this year",12434.4,40374.5,11146.3,10038.2,31297.1,8349.4,2306.6,8702.3,2739.3,89.1,373.6,57.2,10134.7,49214.4,9377.7,9050.0,39930.1,8562.4,1084.7,9284.4,815.3,4101.7,17088.4,3623.6,3380.4,-3282.6,3279.3,2299.6,-8839.9,1768.6,1080.8,5557.3,1510.7,8501.8,12914.3,2398.1,631.8,2429.4,505.5,1108.9,8312.1,951.5,4082.0,11473.2,3429.2,1521.8,5622.2,1326.8,689.3,3127.7,706.5,710.8,2395.4,530.2,546.6,2034.6,488.0,0.0,552.3,244.0,892.5,2890.0,818.9,436.7,2022.6,607.8,23 March 2026,100803.3,91551.3,9252.0
2026-04-09,14,2026-04-09,https://www.finance.gov.mv/public/attachments/H1hYmReER9QJNdrRO3mHzgwkkABlFAT2ynLO8VcA.pdf,3,"approved, last year, this year",13015.0,40374.5,11665.8,10377.9,31297.1,8705.6,2545.2,8702.3,2900.5,91.4,373.6,59.2,11552.4,49214.4,9836.4,10243.3,39930.1,8916.2,1309.1,9284.4,920.2,3970.7,17088.4,3626.8,3129.4,-3282.6,3515.4,1462.6,-8839.9,1829.4,1666.7,5557.3,1686.0,8504.9,12914.3,2423.5,720.1,2429.4,567.9,1341.4,8312.1,980.2,4177.6,11473.2,3574.0,1577.2,5622.2,1375.5,793.8,3127.7,802.9,745.4,2395.4,553.3,585.3,2034.6,538.3,0.0,552.3,244.0,1225.5,2890.0,867.1,467.6,2022.6,640.4,07 April 2026,95427.1,93885.1,1542.0
2026-04-16,15,2026-04-16,https://www.finance.gov.mv/public/attachments/RwISHi6DJMPnJB4gcTGkLZ9oAHVqh20EuB8WBjpC.pdf,3,"approved, last year, this year",13563.8,40374.5,12152.6,10853.8,31297.1,9069.5,2618.0,8702.3,3021.0,91.4,373.6,61.5,11992.2,49214.4,10255.5,10648.7,39930.1,9295.3,1343.4,9284.4,960.2,3972.1,17088.4,3627.5,3306.1,-3282.6,3674.3,1571.6,-8839.9,1897.0,1734.4,5557.3,1777.3,8502.5,12914.3,2455.6,731.5,2429.4,582.1,1368.9,8312.1,1017.3,4302.0,11473.2,3660.4,1622.2,5622.2,1412.5,914.9,3127.7,859.6,768.0,2395.4,575.2,595.1,2034.6,570.4,0.0,552.3,244.0,1379.5,2890.0,1012.7,477.9,2022.6,644.5,07 April 2026,95427.1,93885.1,1542.0
2026-04-23,16,2026-04-23,https://www.finance.gov.mv/public/attachments/kVvYRr4lPRPx1PxT5AkfElcQaosswntkMf5L20Zz.pdf,3,"approved, last year, this year",14128.6,40374.5,12775.5,11194.8,31297.1,9545.2,2841.7,8702.3,3153.4,91.4,373.6,76.4,12375.2,49214.4,10979.1,10855.2,39930.1,9940.7,1520.0,9284.4,1038.4,3974.3,17088.4,3778.2,3510.4,-3282.6,3629.2,1753.4,-8839.9,1796.4,1757.0,5557.3,1832.8,8609.4,12914.3,2473.1,742.7,2429.4,650.4,1529.4,8312.1,1090.9,4435.7,11473.2,3836.7,1712.6,5622.2,1499.9,983.4,3127.7,958.4,796.4,2395.4,618.3,598.5,2034.6,575.3,164.0,552.3,244.0,1379.5,2890.0,1066.3,516.7,2022.6,640.8,20 April 2026,95730.2,94188.2,1542.0
2026-04-30,17,2026-04-30,https://www.finance.gov.mv/public/attachments/gqSYI8PfeWYtYGNNFv52bfIPtEJEddjjOFNI8mWJ.pdf,3,"approved, last year, this year",15377.6,40374.5,14302.7,12311.8,31297.1,10893.0,2972.9,8702.3,3327.5,92.1,373.6,81.7,14341.4,49214.4,12604.0,12639.5,39930.1,11377.5,1701.9,9284.4,1226.5,5307.9,17088.4,4820.8,2811.3,-3282.6,3582.6,1036.2,-8839.9,1698.7,1775.1,5557.3,1883.9,8618.1,12914.3,2506.4,837.9,2429.4,734.7,1729.0,8312.1,1581.3,5119.3,11473.2,4584.9,1926.4,5622.2,1819.4,1006.1,3127.7,1011.6,895.2,2395.4,754.6,598.8,2034.6,582.2,164.0,552.3,244.0,1439.3,2890.0,1089.5,628.7,2022.6,716.3,20 April 2026,95730.2,94188.2,1542.0
2026-05-07,18,2026-05-07,https://www.finance.gov.mv/public/attachments/ncJd7GZ6kUSLTApzyR1fwNviCvfzGWx3o8l0yXqg.pdf,3,"approved, last year, this year",16247.5,40374.5,14581.8,12950.2,31297.1,11110.7,3197.0,8702.3,3386.8,99.5,373.6,83.6,14822.5,49214.4,12826.6,13032.3,39930.1,11580.0,1790.2,9284.4,1246.6,5310.1,17088.4,4837.0,3200.1,-3282.6,3786.8,1425.0,-8839.9,1755.2,1775.2,5557.3,2031.6,8608.5,12914.3,2522.1,872.5,2429.4,746.9,1805.9,8312.1,1597.5,5310.2,11473.2,4665.1,2122.8,5622.2,1852.5,1164.4,3127.7,1086.6,929.9,2395.4,762.9,677.6,2034.6,583.7,164.0,552.3,244.0,1477.4,2890.0,1089.8,681.1,2022.6,716.6,04 May 2026,97341.6,95799.6,1542.0
2026-05-14,19,2026-05-14,https://www.finance.gov.mv/public/attachments/3NHcm9xyX7JBTOISPhCglo7g1bhuh9UJMJjO3gZd.pdf,3,"approved, last year, this year",16775.6,40374.5,14949.5,13295.3,31297.1,11358.5,3370.9,8702.3,3495.1,108.6,373.6,95.2,16657.4,49214.4,13603.7,14683.7,39930.1,12071.9,1973.7,9284.4,1531.8,5316.0,17088.4,4838.6,2175.2,-3282.6,3402.2,118.2,-8839.9,1345.7,2057.0,5557.3,2056.5,8666.9,12914.3,2522.1,923.3,2429.4,776.0,1980.7,8312.1,2095.5,5370.1,11473.2,4706.9,2174.2,5622.2,1892.9,1201.4,3127.7,1133.6,942.3,2395.4,780.7,677.6,2034.6,589.3,164.0,552.3,258.4,2269.2,2890.0,1276.1,804.7,2022.6,806.7,04 May 2026,97341.6,95799.6,1542.0
2026-05-21,20,2026-05-21,https://www.finance.gov.mv/public/attachments/qEIoMGegvLo3aX1GGbEofDiXCRE3UwLzdgzDb5af.pdf,3,"approved, last year, this year",17284.6,40374.5,15476.5,13661.1,31297.1,11752.5,3502.1,8702.3,3601.6,120.5,373.6,121.8,18280.9,49214.4,14308.9,16229.4,39930.1,12721.9,2051.5,9284.4,1587.0,6566.0,17088.4,4994.4,1078.5,-3282.6,3380.8,-996.3,-8839.9,1167.6,2074.8,5557.3,2213.1,8676.9,12914.3,2522.6,932.6,2429.4,826.8,2053.3,8312.1,2145.7,5465.3,11473.2,4821.1,2223.4,5622.2,1933.7,1298.9,3127.7,1248.5,976.2,2395.4,818.8,677.6,2034.6,591.9,203.4,552.3,258.4,2300.3,2890.0,1276.2,892.4,2022.6,815.1,18 May 2026,96487.4,94945.4,1542.0
2026-05-28,21,2026-05-28,https://www.finance.gov.mv/public/attachments/2ByxWT4mxkTBo9mAxAZDruMkPQ4krJF7iCdKosLc.pdf,3,"approved, last year, this year",17935.6,40374.5,16865.9,14171.3,31297.1,12976.7,3632.2,8702.3,3760.7,131.3,373.6,127.9,18434.0,49214.4,15930.4,16364.6,39930.1,14139.6,2069.3,9284.4,1790.8,6576.9,17088.4,5973.2,1576.5,-3282.6,3245.7,-498.3,-8839.9,935.5,2074.8,5557.3,2310.2,8676.9,12914.3,2567.9,949.4,2429.4,928.0,2069.8,8312.1,2341.8,5775.8,11473.2,5510.8,2304.7,5622.2,2200.7,1331.2,3127.7,1282.7,1028.3,2395.4,948.5,677.6,2034.6,598.2,303.4,552.3,258.7,2300.3,2890.0,1300.2,935.6,2022.6,921.0,18 May 2026,96487.4,94945.4,1542.0
2026-06-04,22,2026-06-04,https://www.finance.gov.mv/public/attachments/Tryy1BMrsBmsIekZxGDpyC2sTxNTNKvREbAzNBPL.pdf,3,"approved, last year, this year",19089.3,40374.5,17337.5,14842.9,31297.1,13209.6,3851.9,8702.3,3998.6,393.6,373.6,128.7,19199.8,49214.4,16330.8,16874.1,39930.1,14466.9,2325.7,9284.4,1863.9,6616.9,17088.4,6033.3,2176.7,-3282.6,3380.5,-110.6,-8839.9,1006.7,2287.3,5557.3,2373.8,8705.0,12914.3,3130.8,1030.6,2429.4,934.7,2310.4,8312.1,2409.6,6018.5,11473.2,5594.7,2533.9,5622.2,2249.8,1395.6,3127.7,1344.2,1071.0,2395.4,968.5,687.7,2034.6,607.5,339.7,552.3,409.0,2300.5,2890.0,1362.2,971.3,2022.6,931.7,01 June 2026,97152.5,95610.5,1542.0
2026-06-11,23,2026-06-11,https://www.finance.gov.mv/public/attachments/OQTp2phMS95AUxJaV85amoua0xS8ibKp9pnRat5J.pdf,3,"approved, last year, this year",19501.0,40374.5,17532.4,15080.3,31297.1,13346.7,4013.8,8702.3,4056.3,405.9,373.6,128.7,19584.0,49214.4,16480.6,17131.7,39930.1,14610.7,2452.3,9284.4,1869.9,6618.4,17088.4,6034.2,2207.6,-3282.6,3427.7,-83.1,-8839.9,1051.8,2290.6,5557.3,2375.9,8705.3,12914.3,3131.2,1071.8,2429.4,943.5,2421.0,8312.1,2214.8,6101.6,11473.2,5617.9,2593.6,5622.2,2265.3,1413.4,3127.7,1392.5,1090.8,2395.4,976.9,717.1,2034.6,623.7,339.7,552.3,409.0,2351.5,2890.0,1463.6,986.6,2022.6,931.7,01 June 2026,97152.5,95610.5,1542.0
2026-06-18,24,2026-06-18,https://www.finance.gov.mv/public/attachments/btmgKJ5BqHVTPN2RaUj5V7nxgw3NxlcF4Ep27Q0r.pdf,3,"approved, last year, this year",19718.1,40374.5,17987.3,15228.3,31297.1,13653.6,4069.5,8702.3,4199.8,419.3,373.6,133.2,20183.2,49214.4,16936.8,17589.3,39930.1,14973.1,2593.9,9284.4,1963.6,6621.6,17088.4,6035.5,1862.0,-3282.6,3469.7,-465.2,-8839.9,1050.5,2327.2,5557.3,2419.2,8716.2,12914.3,3131.2,1072.3,2429.4,982.9,2544.0,8312.1,2012.1,6118.3,11473.2,5696.0,2611.6,5622.2,2301.4,1446.4,3127.7,1425.9,1098.4,2395.4,1013.4,758.6,2034.6,670.4,339.7,552.3,409.0,2414.5,2890.0,1477.2,1024.7,2022.6,931.7,15 June 2026,96646.0,95104.0,1542.0
2026-06-25,25,2026-06-25,https://www.finance.gov.mv/public/attachments/d8pYg0lHndY1200mXAF5MOCG3AVljfQhStaGoAVd.pdf,3,"approved, last year, this year",20583.5,40374.5,18881.7,15867.6,31297.1,14210.1,4281.5,8702.3,4500.7,433.4,373.6,170.2,21675.3,49214.4,18493.8,18883.3,39930.1,16373.7,2792.0,9284.4,2120.1,6953.4,17088.4,7105.7,1533.2,-3282.6,2832.9,-1091.7,-8839.9,388.0,2624.9,5557.3,2445.0,8983.4,12914.3,3174.5,1096.1,2429.4,1026.3,2720.0,8312.1,2172.9,6339.9,11473.2,5908.3,2692.2,5622.2,2405.2,1654.2,3127.7,1454.0,1143.0,2395.4,1063.2,858.0,2034.6,801.3,339.7,552.3,411.2,2851.7,2890.0,1478.1,1030.0,2022.6,978.2,15 June 2026,96646.0,95104.0,1542.0
2026-07-02,26,2026-07-02,https://www.finance.gov.mv/public/attachments/c9yzgB0tuulqrrMzUqsDsrfoPdQqHI1DeFcfU5FW.pdf,3,"approved, last year, this year",22404.1,40374.5,20288.9,17251.7,31297.1,15264.6,4717.0,8702.3,4852.8,434.2,373.6,170.6,23380.0,49214.4,19218.1,20333.2,39930.1,16890.0,3046.8,9284.4,2328.1,7987.1,17088.4,7222.8,1666.7,-3282.6,3713.4,-975.9,-8839.9,1070.8,2642.6,5557.3,2642.6,8993.1,12914.3,3275.5,1213.2,2429.4,1099.8,2906.3,8312.1,3335.2,6630.1,11473.2,6147.7,2948.3,5622.2,2595.3,1730.8,3127.7,1520.1,1215.5,2395.4,1127.9,1085.4,2034.6,1010.5,340.3,552.3,411.2,2868.3,2890.0,1490.7,1131.7,2022.6,1036.6,29 June 2026,97450.5,95908.5,1542.0
2026-07-09,27,2026-07-09,https://www.finance.gov.mv/public/attachments/Sm0fCHZOjxrnHvbAoUJX9hfnLo7MmYELsJi3eMKM.pdf,3,"approved, last year, this year",22684.5,40374.5,20557.9,17418.1,31297.1,15432.4,4830.5,8702.3,4937.3,434.7,373.6,187.3,23712.3,49214.4,19578.6,20639.0,39930.1,17106.3,3073.4,9284.4,2472.3,7994.0,17088.4,7227.8,1648.9,-3282.6,3624.2,-1027.8,-8839.9,979.3,2676.7,5557.3,2644.9,9090.1,12914.3,3279.4,1239.0,2429.4,1117.1,3099.6,8312.1,3462.3,6641.6,11473.2,6159.0,2968.6,5622.2,2625.7,1760.7,3127.7,1573.5,1219.1,2395.4,1137.1,1118.4,2034.6,1018.9,340.3,552.3,411.2,2928.1,2890.0,1558.4,1136.5,2022.6,1036.3,29 June 2026,97450.5,95908.5,1542.0
2026-07-16,28,2026-07-16,https://www.finance.gov.mv/public/attachments/wFnlB4kbKiM5JNwOVNBpj5zBaKwEwVPEwXeDrt4K.pdf,3,"approved, last year, this year",22979.7,40374.5,21083.9,17621.9,31297.1,15829.2,4917.7,8702.3,5063.2,438.8,373.6,190.5,24515.0,49214.4,20266.6,21362.7,39930.1,17683.8,3152.4,9284.4,2582.8,8008.4,17088.4,7230.6,1221.2,-3282.6,3509.8,-1535.3,-8839.9,817.3,2756.5,5557.3,2692.4,9287.9,12914.3,3283.7,1242.5,2429.4,1145.6,3161.5,8312.1,3763.5,6680.0,11473.2,6205.0,2994.4,5622.2,2670.2,1807.9,3127.7,1626.2,1235.2,2395.4,1159.0,1130.1,2034.6,1042.6,340.3,552.3,413.1,3129.9,2890.0,1680.3,1183.2,2022.6,1065.3,13 July 2026,97346.3,95804.3,1542.0
2026-07-23,29,2026-07-23,https://www.finance.gov.mv/public/attachments/xkHaWU4LcH4T4U8v423BmosUMu9fmGlgua29exf9.pdf,3,"approved, last year, this year",24111.4,40374.5,21732.1,18360.8,31297.1,16386.1,5295.2,8702.3,5150.6,454.2,373.6,194.3,25481.5,49214.4,21294.8,22271.9,39930.1,18637.2,3209.6,9284.4,2657.6,8512.4,17088.4,7772.6,1492.4,-3282.6,3273.8,-1370.1,-8839.9,437.3,2862.5,5557.3,2836.4,9349.2,12914.3,3632.0,1315.6,2429.4,1168.6,3208.8,8312.1,4574.0,6861.1,11473.2,6353.9,3102.6,5622.2,2731.3,1906.4,3127.7,1672.0,1281.9,2395.4,1204.1,1150.1,2034.6,1044.0,464.0,552.3,413.1,3192.9,2890.0,1783.4,1249.7,2022.6,1088.2,13 July 2026,97346.3,95804.3,1542.0
2026-07-30,30,2026-07-30,https://www.finance.gov.mv/public/attachments/yCXRMfB2S2iaHXMLbK6h3orgk7xDbJXqdzghE81D.pdf,3,"approved, last year, this year",25746.7,40374.5,23419.0,19910.9,31297.1,17967.4,5379.8,8702.3,5256.0,454.7,373.6,194.4,26782.7,49214.4,22339.7,23520.1,39930.1,19487.7,3262.7,9284.4,2852.1,9307.6,17088.4,8343.3,2071.9,-3282.6,4002.3,-1036.0,-8839.9,1079.3,3107.9,5557.3,2923.0,9349.2,12914.3,3635.3,1362.0,2429.4,1224.3,3264.6,8312.1,4761.6,7078.1,11473.2,6748.4,3270.1,5622.2,2995.7,1946.3,3127.7,1718.4,1326.0,2395.4,1280.2,1156.5,2034.6,1046.8,464.0,552.3,413.1,3192.9,2890.0,1801.4,1282.4,2022.6,1117.3,28 July 2026,100057.8,98515.8,1542.0
2026-08-06,31,2026-08-06,https://www.finance.gov.mv/public/attachments/ULDLRbogYYNCDS0RHUppsTPnyFlTgOzW8IkNSkEw.pdf,3,"approved, last year, this year",26459.9,40374.5,24213.8,20530.9,31297.1,18654.7,5472.9,8702.3,5336.6,454.8,373.6,221.2,27252.7,49214.4,23026.9,23887.7,39930.1,19881.2,3365.0,9284.4,3145.7,9381.7,17088.4,8438.1,2400.4,-3282.6,4205.7,-792.8,-8839.9,1186.9,3193.1,5557.3,3018.8,9575.5,12914.3,3892.7,1364.4,2429.4,1237.3,3442.3,8312.1,5049.5,7092.0,11473.2,6773.4,3433.9,5622.2,3110.2,2000.2,3127.7,1767.1,1336.1,2395.4,1284.9,1163.1,2034.6,1048.4,483.1,552.3,413.1,3225.6,2890.0,1836.4,1323.5,2022.6,1128.8,28 July 2026,100057.8,98515.8,1542.0
2026-08-13,32,2026-08-13,https://www.finance.gov.mv/public/attachments/KAxFOFgBclNVdT4OKoLzLtgQg6yxq7YjK8D9odpk.pdf,3,"approved, last year, this year",27120.6,40374.5,24557.5,21071.0,31297.1,18833.1,5587.7,8702.3,5481.0,460.4,373.6,242.1,28070.9,49214.4,23536.0,24497.1,39930.1,20260.0,3573.8,9284.4,3276.1,9384.4,17088.4,8441.5,2377.6,-3282.6,4072.8,-950.3,-8839.9,1021.4,3327.8,5557.3,3051.4,9715.2,12914.3,3940.5,1384.2,2429.4,1310.1,3622.0,8312.1,5174.3,7248.1,11473.2,6801.0,3486.1,5622.2,3145.2,2115.0,3127.7,1816.3,1376.0,2395.4,1294.7,1165.2,2034.6,1053.1,483.1,552.3,413.1,3485.3,2890.0,1953.6,1364.0,2022.6,1188.9,10 August 2026,99006.8,97464.8,1542.0
2026-08-20,33,2026-08-20,https://www.finance.gov.mv/public/attachments/LBHbdGDLepDiopl6mCOq8i9xQNVdATTwAoGkdKn3.pdf,3,"approved, last year, this year",27609.1,40374.5,25003.9,21480.4,31297.1,19160.1,5671.5,8702.3,5621.2,455.7,373.6,221.5,28741.8,49214.4,24093.0,24996.3,39930.1,20695.6,3745.5,9284.4,3397.4,9385.6,17088.4,8444.2,2205.8,-3282.6,3966.1,-1132.7,-8839.9,910.9,3338.4,5557.3,3055.2,9721.9,12914.3,3940.5,1405.6,2429.4,1330.5,3769.9,8312.1,5318.2,7394.5,11473.2,6882.4,3526.3,5622.2,3181.2,2185.4,3127.7,1874.7,1403.9,2395.4,1322.0,1166.0,2034.6,1053.9,483.1,552.3,465.8,3544.0,2890.0,2010.5,1425.2,2022.6,1255.4,10 August 2026,99006.8,97464.8,1542.0
2026-08-27,34,2026-08-27,https://www.finance.gov.mv/public/attachments/2INsL8I2mEzXzt4UvEdi0diVltf4LMmoRPUjbbxs.pdf,3,"approved, last year, this year",27916.6,40374.5,26122.3,21732.9,31297.1,19906.6,5710.5,8702.3,5963.5,471.8,373.6,250.9,29957.5,49214.4,25503.9,26138.7,39930.1,22001.6,3818.9,9284.4,3502.2,10339.2,17088.4,9455.7,1302.8,-3282.6,3701.6,-2040.9,-8839.9,618.5,3343.8,5557.3,3083.1,9770.7,12914.3,3940.5,1422.6,2429.4,1416.6,3846.5,8312.1,5421.6,7521.5,11473.2,7204.3,3564.6,5622.2,3297.3,2213.3,3127.7,1973.8,1438.7,2395.4,1424.0,1167.7,2034.6,1054.4,483.1,552.3,648.9,3544.0,2890.0,2038.6,1452.7,2022.6,1311.8,24 August 2026,99287.3,97745.3,1542.0
2026-09-03,35,2026-09-03,https://www.finance.gov.mv/public/attachments/aMptPd9BGusMpyVSXjC2Plm4JnSMK37KyMIG5ZKm.pdf,3,"approved, last year, this year",28727.7,40374.5,27038.1,22354.8,31297.1,20610.5,5872.2,8702.3,6173.7,499.1,373.6,252.4,30857.7,49214.4,26379.3,26979.8,39930.1,22750.2,3877.9,9284.4,3629.1,10696.9,17088.4,9641.9,1269.4,-3282.6,4036.9,-2130.0,-8839.9,658.8,3399.4,5557.3,3378.2,9770.7,12914.3,4208.6,1512.4,2429.4,1496.5,3907.1,8312.1,5545.2,7710.7,11473.2,7462.6,3678.0,5622.2,3533.6,2352.5,3127.7,2061.4,1505.1,2395.4,1477.1,1167.8,2034.6,1071.5,483.1,552.3,648.9,3597.9,2890.0,2193.1,1492.4,2022.6,1323.5,24 August 2026,99287.3,97745.3,1542.0
2026-09-10,36,2026-09-10,https://www.finance.gov.mv/public/attachments/LUB5rgs8qpICHfKteEaXQEDsbeEYgf5R4qDRgPY8.pdf,3,"approved, last year, this year",29491.9,40374.5,27307.3,22899.1,31297.1,20766.1,6101.6,8702.3,6309.7,489.6,373.6,230.1,32131.0,49214.4,26870.7,27694.2,39930.1,23211.0,4436.8,9284.4,3659.7,10698.3,17088.4,9645.4,801.1,-3282.6,3882.8,-2639.1,-8839.9,436.6,3440.2,5557.3,3446.3,9932.2,12914.3,4307.5,1524.9,2429.4,1503.8,4282.3,8312.1,5135.2,7763.1,11473.2,7496.5,3929.2,5622.2,3570.7,2432.0,3127.7,2107.4,1519.6,2395.4,1483.0,1182.5,2034.6,1089.9,483.2,552.3,648.9,3718.5,2890.0,2253.0,1631.9,2022.6,1354.6,07 September 2026,99099.8,97557.8,1542.0
2026-09-17,37,2026-09-17,https://www.finance.gov.mv/public/attachments/mNU4qI9qWfS9QfmTxmskkUfoE06CoOsqNMKNkh5K.pdf,3,"approved, last year, this year",29759.9,40374.5,28143.1,23064.9,31297.1,21067.0,6199.2,8702.3,6841.4,494.2,373.6,233.2,32833.4,49214.4,27461.9,28294.9,39930.1,23573.1,4538.6,9284.4,3888.8,10699.0,17088.4,9648.9,401.2,-3282.6,4149.2,-3073.5,-8839.9,681.2,3474.7,5557.3,3468.0,9965.4,12914.3,4307.5,1583.3,2429.4,1555.4,4349.9,8312.1,5135.2,7775.7,11473.2,7555.6,3964.4,5622.2,3608.7,2450.2,3127.7,2149.6,1527.5,2395.4,1502.5,1204.8,2034.6,1126.9,483.2,552.3,648.9,4136.3,2890.0,2254.1,1632.3,2022.6,1404.4,07 September 2026,99099.8,97557.8,1542.0
2026-09-24,38,2026-09-24,https://www.finance.gov.mv/public/attachments/MWovmuaHDZ5hP4T2x0mgXak3RO2f03wwIu4RFgSs.pdf,3,"approved, last year, this year",30205.0,40374.5,28750.1,23388.3,31297.1,21366.2,6319.1,8702.3,7145.1,495.9,373.6,237.3,33562.3,49214.4,28250.9,28896.6,39930.1,24320.7,4665.7,9284.4,3930.2,10702.3,17088.4,9718.2,442.3,-3282.6,4445.1,-3357.4,-8839.9,499.3,3799.6,5557.3,3945.9,10091.7,12914.3,4495.7,1655.9,2429.4,1616.9,4487.3,8312.1,5135.2,7879.7,11473.2,7668.9,4050.5,5622.2,3656.9,2483.6,3127.7,2196.1,1556.0,2395.4,1544.6,1266.8,2034.6,1245.4,483.2,552.3,648.9,4148.3,2890.0,2342.3,1747.9,2022.6,1418.0,21 September 2026,98556.2,97014.2,1542.0
